#,Caso de prueba,Prioridad,Resultado esperado,Resultado Obtenido,,,,,,,,,,,,,,,,,,,,,
S-01,Login con credenciales correctas,?? Crítico,Redirige al dashboard según rol asignado,"Funciona correctamente. Detalle: el input del login el placeholder dice email, cuando el login es con nombre de usuario, no email",,,,,,,,,,,,,,,,,,,,,
S-02,Login con contraseńa incorrecta,?? Crítico,"Mensaje de error claro, no revela si el usuario existe","Funciona correctamente. Detalle: login no valida mayusculas tanto en el usuario como en la contraseńa, si los caracteres estan correctos ingresa, da igual si lo ingrese con mayuscula o minuscula, arreglar eso",,,,,,,,,,,,,,,,,,,,,
S-03,Login con usuario inexistente,?? Crítico,Mismo mensaje genérico que contraseńa incorrecta,"Sale alerta de credenciales invalidas, deberia decir usuario inexistente.",,,,,,,,,,,,,,,,,,,,,
S-04,Login con usuario deshabilitado,?? Crítico,"Mensaje específico: ""Tu cuenta está deshabilitada""","Funciona correctamente, dice ""Usuario deshabilitado""",,,,,,,,,,,,,,,,,,,,,
S-05,"""Recuérdame"" activo ? cerrar browser ? reabrir",?? Alto,"Sesión persiste, usuario logueado automáticamente",funciona correctamente,,,,,,,,,,,,,,,,,,,,,
S-06,"Sin ""Recuérdame"" ? cerrar tab ? reabrir",?? Alto,"Sesión no persiste, redirige a login",funciona correctamente,,,,,,,,,,,,,,,,,,,,,
S-07,Token JWT expirado con sesión activa,?? Alto,Logout automático o renovación silenciosa sin perder trabajo,"creo que no esta presente esa logica, verificar.",,,,,,,,,,,,,,,,,,,,,
S-08,Mismo usuario logueado en dos tabs distintas,?? Medio,Ambas sesiones funcionan correctamente,funciona correctamente.,,,,,,,,,,,,,,,,,,,,,
S-09,Mismo usuario en dos navegadores distintos,?? Medio,Ambas funcionan o se invalida la anterior según política,funciona correctamente,,,,,,,,,,,,,,,,,,,,,
S-10,Pegar URL de ruta interna estando deslogueado,?? Medio,"Redirige a login, luego vuelve a la ruta original","lo que pasa es que la navegacion no cambia la ruta o url, verificar eso, tenemos otra logica de navegacion",,,,,,,,,,,,,,,,,,,,,
S-11,Credenciales con espacios al inicio/final,?? Medio,Se trimea correctamente o falla con mensaje claro,"si funciona correctamente, detalle: si en el usuario ingreso al final espacios no los cuenta y el inicio de sesion lo hace igual.",,,,,,,,,,,,,,,,,,,,,
S-12,"Contraseńa con caracteres especiales (!@#$%&'""<>)",?? Medio,Login exitoso si son las credenciales correctas,Funciona correctamente,,,,,,,,,,,,,,,,,,,,,
S-13,5+ intentos fallidos consecutivos,? Bajo,Verificar si hay bloqueo temporal o alerta de seguridad,"No tenemos logica de bloqueo, implementar.",,,,,,,,,,,,,,,,,,,,,
S-14,Reset con email registrado,?? Crítico,Email llega con link funcional,"No tenemos logica de envio de link funcional para resetear la contraseńa, tenemos logica de que administrador la cambie, o que si se sabe la contraseńa y quiera cambiarla",,,,,,,,,,,,,,,,,,,,,
S-15,Reset con email NO registrado,?? Alto,Respuesta genérica (no revelar si el email existe),No existe esa logica,,,,,,,,,,,,,,,,,,,,,
S-16,Link de reset ya usado o expirado,?? Alto,"""El link ya fue utilizado o ha expirado""",No existe esa logica,,,,,,,,,,,,,,,,,,,,,
S-17,Solicitar reset dos veces con el mismo email,?? Medio,Solo el último link es válido,No existe esa logica,,,,,,,,,,,,,,,,,,,,,
S-18,Logout manual,?? Crítico,"Token eliminado, redirige a login",Funciona correctamente,,,,,,,,,,,,,,,,,,,,,
S-19,"Presionar ""Atrás"" del browser después de logout",?? Alto,"No muestra contenido protegido, redirige a login",Funciona correctamente,,,,,,,,,,,,,,,,,,,,,
F-01,Crear ficha con todos los campos obligatorios correctos,?? Crítico,"Ficha creada, ID asignado, modal de éxito con el número correcto","Funciona correctamente, Detalles: el modal o pagina de éxito, redirigue a la selección de como quiero crear una ficha, cuando deberia redirigir a la vista de fichas.
Por otro lado en la pestańa analisis, nos deja ingresar analisis de distintas normativas y tablas, pero no queda registrado que normativa o tabla pertenece cada analisis grabado.
Por otro lado hay placeholders que no corresponden en el campo indicando que se rellena de una ofrma erronea, por ejemplo el campo ""Número Instrumento"", ademas por ejemplo el campo Ańo instrumento no se valida que sea un ańo valido.
En algunos campos tenemos una opcion extra de ""No aplica"" la cual esta mediante codigo, esa logica eliminarla.
Campo aveces instrumento ambiental lo graba mal, hay fichas con esto: Otro Otro Resolución SISS 2122/2023 cuando deberia ser Resolución SISS 2122/2023 y hay otras como Res Siss /      sin el numero y ańo
En  la logica de guardado de accion para la linea de tiempo, la hora la guarda mal, grabamos a las 15:29 y la hora la guardo a las 11:29 verifica eso debe gaurdar correctamente la hora.",,,,,,,,,,,,,,,,,,,,,
F-02,Intentar guardar con campos obligatorios vacíos,?? Crítico,"Botón ""Grabar"" deshabilitado o errores visibles por campo",Funciona correctamente,,,,,,,,,,,,,,,,,,,,,
F-03,Selects en cascada: cambiar empresa ? fuente emisora se filtra,?? Crítico,Lista de fuentes actualizada según empresa seleccionada,Funciona correctamente,,,,,,,,,,,,,,,,,,,,,
F-04,Duración 24h ? fecha instalación debe ser 1 día antes del retiro,?? Crítico,Offset de 1 día respetado en asignación posterior,"Solo se ingresa las horas en esta logica, en otra parte se debe validar eso",,,,,,,,,,,,,,,,,,,,,
F-05,Duración < 24h ? instalación y retiro el mismo día,?? Crítico,"Sin offset, fechas iguales permitidas","Solo se ingresa las horas en esta logica, en otra parte se debe validar eso",,,,,,,,,,,,,,,,,,,,,
F-06,Referencia Google Maps con URL larga válida (!3d!4d),?? Alto,"Coordenadas del lugar exacto extraídas, mapa preview visible",Funciona correctamente,,,,,,,,,,,,,,,,,,,,,
F-07,Referencia con short link maps.app.goo.gl/…,?? Alto,"Redirect seguido, coordenadas extraídas correctamente",Funciona correctamente,,,,,,,,,,,,,,,,,,,,,
F-08,"Referencia con coordenadas puras: -41.45,-72.92",?? Alto,"Reconocido como válido, coordenadas guardadas",Funciona correctamente,,,,,,,,,,,,,,,,,,,,,
F-09,"Referencia con texto basura: ""noaplica"", ""asd"", ""-""",?? Alto,"Error inline en el campo, no llama al backend","Funciona correctamente, dice ""No se reconoce como link de Google Maps ni coordenadas.""",,,,,,,,,,,,,,,,,,,,,
F-10,"Link de Maps con solo @lat,lon (sin !3d!4d)",?? Alto,Advertencia: coordenadas aproximadas del viewport,Funciona correctamente,,,,,,,,,,,,,,,,,,,,,
F-11,"Tab ""Análisis"" sin análisis ? botón ""Siguiente"" deshabilitado",?? Alto,No puede continuar sin al menos un análisis,"Funciona correctamente, el boton Continuar esta deshabilitado, pero podemos avanzar haciendo click en la parte superior en las pestańas",,,,,,,,,,,,,,,,,,,,,
F-12,"Tab ""Observaciones"" en blanco ? ""Grabar"" deshabilitado",?? Alto,"Validación activa, no permite guardar",Funciona correctamente,,,,,,,,,,,,,,,,,,,,,
F-13,Crear dos fichas seguidas sin recargar la página,?? Medio,"Segundo formulario inicia limpio, sin datos previos",Funciona correctamente,,,,,,,,,,,,,,,,,,,,,
F-14,Escribir rápido en múltiples campos seguidos,?? Medio,"Sin lag, todos los valores guardados correctamente al final",Funciona correctamente,,,,,,,,,,,,,,,,,,,,,
F-15,"Seleccionar ""No aplica"" en Instrumento Ambiental",?? Medio,Campos Nro/Ańo deshabilitados o no requeridos,"No funciona, elegi la opción No aplica y los campos no se borraron el contenido y menos quedaron deshabilitados.",,,,,,,,,,,,,,,,,,,,,
F-16,"Campo Duración con valor no numérico (""horas"", ""1.5a"")",?? Medio,Error de validación claro,"Campo deja ingresar puntos, y no deja ingresar letras.",,,,,,,,,,,,,,,,,,,,,
F-17,Crear ficha como usuario sin permiso FI_CREAR,?? Medio,Botón oculto o error 403 descriptivo,Directamente no le aparece los botones de navegacion hacia la creacion de fichas.,,,,,,,,,,,,,,,,,,,,,
F-18,Backend tarda 10+ segundos en responder,?? Medio,"Loader visible durante todo el proceso, sin doble submit","Simplemente sale la alerta de exito o error, no hay modal de carga.",,,,,,,,,,,,,,,,,,,,,
F-19,"Click en ""Grabar"" dos veces rápido",?? Medio,Solo se crea una ficha (protección de doble envío),"Funciona correctamete, sale el icono de carga y solo crea una ficha.",,,,,,,,,,,,,,,,,,,,,
F-20,"Campo ""Glosa"" con 150+ caracteres",? Bajo,Truncado al límite o error de validación con mensaje claro,"Funciona correctamente, cuando llegamos a los 100 caracteres el cual es el limite, se corta y no deja escribir mas",,,,,,,,,,,,,,,,,,,,,
F-21,Formulario en pantalla móvil (< 550px),?? Medio,"Layout responsivo, todos los campos utilizables","Si funciona correctamente, unico detalle en la pestańa Análisis, en la tabla de analisis grabados, el campo uf, no se ve lo que ingresamos, es muy pequeńo el cuadro donde se ven los numeros.",,,,,,,,,,,,,,,,,,,,,
F-22,Pérdida de conexión durante el guardado,? Bajo,"Error manejado, datos no perdidos (permanece en formulario)","Deberia decir un mensaje de perdio la conexion, solo sale error pero no especifica por que.",,,,,,,,,,,,,,,,,,,,,
F-23,Abrir ficha recién creada,?? Crítico,Todos los datos coinciden exactamente con lo ingresado,"Funciona en gran parte bien, unico detalle ya mencionado anteriormente, en la pestańa analisis podemos mezclar normativas y tablas, pero solamente dice una normativa y tabla, deberia ser por analisis ese dato y no una general.",,,,,,,,,,,,,,,,,,,,,
F-24,Ficha con coordenadas guardadas,?? Alto,Link/mapa visible que abre Google Maps en la ubicación correcta,"No tenemos campo de vista de la referencia de google maps, agreagar y ver que otros campos faltan, es decir comparar lo que se guarda desde la creacion de fichas manual, y ver si mostramos todo en la vista de una ficha y de que manera podemos mostrarlo.",,,,,,,,,,,,,,,,,,,,,
F-25,Ficha sin coordenadas (link inválido o ausente),?? Alto,"Muestra texto del link sin mapa, sin errores en pantalla",No tenemos esa logica,,,,,,,,,,,,,,,,,,,,,
F-26,Descarga de PDF de la ficha,?? Crítico,"PDF descargado, información completa y bien formateada",La descarga de la ficha se realiza correctamente  con todos los catos correspondientes,,,,,,,,,,,,,,,,,,,,,
F-27,"PDF de ficha con campos ""No aplica""",?? Medio,"""No aplica"" visible en el PDF, sin campos vacíos sin texto","Los campos vacios se visualizan con ""-"" ",,,,,,,,,,,,,,,,,,,,,
F-28,Nombre de archivo PDF correcto,?? Medio,Nombre incluye el ID de la ficha (ej: ficha_123.pdf),"Las fichas descargadas tienen de nombre ""Ficha_(""id"")""",,,,,,,,,,,,,,,,,,,,,
F-29,Aprobación técnica con permiso FI_APROBAR_TEC,?? Crítico,"Estado cambia correctamente, notificación generada",El estado de las fichas cambian de forma correcta respectivaemnte,,,,,,,,,,,,,,,,,,,,,
F-30,Intento de aprobación sin el permiso correspondiente,?? Alto,Botón oculto o error 403 claro,"Si el usuario no tiene permiso para aprobar cuando le corresponde , no le aparece el boton ",,,,,,,,,,,,,,,,,,,,,
F-31,Rechazo con observaciones vacías,?? Alto,"Error de validación, no permite rechazar sin motivo",En este caso aparece una alerta si no agrega una observacion,,,,,,,,,,,,,,,,,,,,,
F-32,"Ficha en estado ""PENDIENTE ÁREA COORDINACIÓN""",?? Crítico,"Botón ""Gestionar Asignación"" deshabilitado con tooltip explicativo",Boton aparece deshabilitado y sin permisos para asignar si se encuentra en el estado mencionado,,,,,,,,,,,,,,,,,,,,,
F-33,Ver historial de cambios de la ficha,?? Alto,"Usuario, fecha y acción de cada cambio visibles",El historial de cambios se  visualiza como corresponde y sin datos nulos ,,,,,,,,,,,,,,,,,,,,,
F-34,Ficha de remuestreo ? referencia a ficha original,?? Medio,Link o indicador visible hacia la ficha madre,"La ficha de Re muestreo, no hace referencia a la ficha original   en ningun sector ",,,,,,,,,,,,,,,,,,,,,
F-35,Abrir edición ? todos los campos prellenados,?? Crítico,Sin campos vacíos inesperados,"Al ingresar a la edicion de la ficha  se visualizan campos vacios, que deverian contener datos que si se visualizan al momento de  ver la ficha ",,,,,,,,,,,,,,,,,,,,,
F-36,Modificar link de Google Maps al editar,?? Crítico,Coordenadas re-resueltas y actualizadas en BD,"Cambio se realiza correctamente, al momento de ingresar una observacion en el campo observaciones, la accion de ingresar es lenta  ",,,,,,,,,,,,,,,,,,,,,
F-37,Guardar sin modificar nada,?? Alto,"Sin error, auditoría registrada igualmente","Aparece error si no ingresamos una observacion, para guardar una edicion es obligatorio una observacion",,,,,,,,,,,,,,,,,,,,,
F-38,Cambiar Duración de 48h a 0 ? recalcular offset,?? Alto,Asignaciones futuras sin offset de fecha,"El calculo es el correspondiente , si dura 0 horas el servicio , por ende inicia y termina el mismo dia ",,,,,,,,,,,,,,,,,,,,,
F-39,Editar ficha que ya tiene muestreos asignados,?? Medio,Advertencia o restricción según reglas del negocio,Si esta en proceso la ficha no se puede editar por una restriccion,,,,,,,,,,,,,,,,,,,,,
F-40,"Auditoría: registrar quién editó, qué campo y cuándo",?? Crítico,Historial completo visible en el detalle de la ficha,"Algunas acciones se registan en l auditoria , pero falta otras como la creacion de fichas o asignacion de fichas ",,,,,,,,,,,,,,,,,,,,,
F-41,Editar ficha sin permiso FI_EDITAR,?? Medio,Opción de edición no disponible para ese usuario,"Si el usuario no tiene permiso para editar alguna ficha , no la puede editar y no aparece el boton correspondiente ",,,,,,,,,,,,,,,,,,,,,
A-01,Lista muestra solo fichas pendientes de asignación,?? Crítico,Sin fichas ejecutadas o canceladas mezcladas,"Aparecen fichas pendientes de adignacion, pero tambien aparecen las fichas que estan pendientes de area coordinacion, es decir esas fichas primero deben ser aceptadas por el area de coordinacion antes de ser asignadas y tambien salen las fichas en proceso las cuales son las que ya fueron agendadas",,,,,,,,,,,,,,,,,,,,,
A-02,Ficha 24h ? fecha instalación auto-calculada al ingresar retiro,?? Crítico,"Campo instalación = retiro - 1 día, precargado automáticamente","Funciona correctamente, detalle: permite ingresar fechas que ya pasaron, eso no puede ocurrir, tanto en fecha de muestreo como fecha de instalación",,,,,,,,,,,,,,,,,,,,,
A-03,Ficha <24h ? instalación = retiro (mismo día),?? Crítico,"Sin offset, fechas iguales",Funciona correctamente,,,,,,,,,,,,,,,,,,,,,
A-04,Guardar instalación = retiro en ficha de 24h,?? Crítico,Error de validación claro antes de guardar,"Funciona correctamente, no deja realizar la asignacion.",,,,,,,,,,,,,,,,,,,,,
A-05,Asignar solo muestreador sin fechas,?? Alto,Comportamiento permitido o error según regla de negocio,"No deja guardar ya que pide asignar fecha y muestreador, pero no deberia ser asi, ya que podemos guardar solamente fechas, y en otra ocasion asignar muestreadores, o viceversa.
Por otro lado una ficha la cual es remuestreo, me pide logica de versiones de los equipos, pero me da error del servidor: 
AssignmentDetailView.tsx:159 Error fetching comparison: 
AxiosError
code
: 
""ERR_BAD_REQUEST""
config
: 
{transitional: {…}, adapter: Array(3), transformRequest: Array(1), transformResponse: Array(1), timeout: 0, …}
message
: 
""Request failed with status code 403""
name
: 
""AxiosError""
request
: 
XMLHttpRequest {onreadystatechange: null, readyState: 4, timeout: 0, withCredentials: false, upload: XMLHttpRequestUpload, …}
response
: 
{data: {…}, status: 403, statusText: 'Forbidden', headers: AxiosHeaders, config: {…}, …}
status
: 
403
stack
: 
""AxiosError: Request failed with status code 403\n    at settle (http://localhost:5173/node_modules/.vite/deps/axios.js?v=bff26dfc:1257:12)\n    at XMLHttpRequest.onloadend (http://localhost:5173/node_modules/.vite/deps/axios.js?v=bff26dfc:1606:7)\n    at Axios.request (http://localhost:5173/node_modules/.vite/deps/axios.js?v=bff26dfc:2223:41)\n    at async Object.getEquipmentComparison (http://localhost:5173/src/services/admin.service.ts:121:22)\n    at async handleViewVersions (http://localhost:5173/src/features/medio-ambiente/components/AssignmentDetailView.tsx:137:24)""
[[Prototype]]
: 
Error



2026-05-25 16:17:10 [info]: GET /api/fichas/153/assignment-detail 200 15.290 ms - - {""service"":""adl-one-api""}
2026-05-25 16:17:10 [info]: GET /api/fichas/153/assignment-detail 200 15.290 ms - - {""service"":""adl-one-api""}
2026-05-25 16:17:10 [info]: GET /api/fichas/153/assignment-detail 200 16.713 ms - - {""service"":""adl-one-api""}
2026-05-25 16:17:10 [info]: GET /api/fichas/153/assignment-detail 200 16.713 ms - - {""service"":""adl-one-api""}
2026-05-25 16:17:14 [info]: GET /api/admin/equipos/comparison-resampling?idOriginal=132&idNueva=153&idMuestreador=229 403 1.217 ms - 113 {""service"":""adl-one-api""}
2026-05-25 16:17:14 [info]: GET /api/admin/equipos/comparison-resampling?idOriginal=132&idNueva=153&idMuestreador=229 403 1.217 ms - 113 {""service"":""adl-one-api""}
",,,,,,,,,,,,,,,,,,,,,
A-06,Asignar solo fechas sin muestreador,?? Alto,Comportamiento permitido o error según regla de negocio,"No deja guardar ya que pide asignar fecha y muestreador, pero no deberia ser asi, ya que podemos guardar solamente fechas, y en otra ocasion asignar muestreadores, o viceversa.",,,,,,,,,,,,,,,,,,,,,
A-07,Fecha de retiro anterior a fecha de instalación,?? Alto,Error de validación antes de guardar,"Error grave, si deja asignar una fecha de instalacion posterior a la fecha de retiro.",,,,,,,,,,,,,,,,,,,,,
A-08,Muestreador instalación ? muestreador retiro,?? Alto,Ambos guardados correctamente e independientemente,"Logica permitida, entonces es correcto.",,,,,,,,,,,,,,,,,,,,,
A-09,Lo asignado desde Rutas reflejado en asignación manual,?? Crítico,Fechas y muestreadores precargados desde la ejecución de ruta,"Se ve reflejado, pero la asignacion, no esta considerando los servicios disponibles o no, ya que por ejemplo el servicio 10 ya estaba agendado, pero igualmente me salia seleccionable en la asignacion mediante rutas.
Por otro lado seleccione el servicio 2, pero el guardado me asigno en el servicio 11, hay que verificar eso.",,,,,,,,,,,,,,,,,,,,,
A-10,Formato de fechas guardadas en BD,?? Crítico,"Fecha correcta, sin desfase de zona horaria (no epoch, no +1 día)",Si se guarda correctamente.,,,,,,,,,,,,,,,,,,,,,
A-11,Asignar ficha que ya fue asignada previamente,?? Medio,Sobreescribe o crea nuevo correlativo según lógica definida,Si remplaza lo que se habia asignado anteriormente.,,,,,,,,,,,,,,,,,,,,,
A-12,Dos usuarios asignan la misma ficha simultáneamente,? Bajo,No se genera asignación duplicada ni conflicto silencioso,"No tengo manera de probar eso, pero verifica que no ocurra esp.",,,,,,,,,,,,,,,,,,,,,
A-13,"Filtros combinados (cliente, fuente, fecha)",?? Alto,Resultados correctamente filtrados en todos los casos,Si fnciona correctamente.,,,,,,,,,,,,,,,,,,,,,
R-01,Mapa carga fichas correctamente posicionadas,?? Crítico,"Pins en ubicaciones reales, no en coordenadas del viewport",Funciona correctamente,,,,,,,,,,,,,,,,,,,,,
R-02,Fichas sin coordenadas (ubicacion_lat null),?? Alto,"Sin crash, indicador visual ""sin coordenadas""","Ficha con background de color rojo, al intentar seleccionarla, dice que tiene coordenadas no validas, por ende, funciona correctamente",,,,,,,,,,,,,,,,,,,,,
R-03,Trazar ruta entre fichas ? línea sigue calles,?? Crítico,"Ruta por calles, no línea recta entre puntos","Un milisegundo traza la linea recta, luego calcula la ruta y la liena es entre calle, osea genera la ruta. hay que verificar eso.",,,,,,,,,,,,,,,,,,,,,
R-04,Ruta con ficha de 24h ? offset de fecha por ficha,?? Crítico,Fecha instalación = retiro - 1 día por cada ficha según su duración,Funciona correctamente,,,,,,,,,,,,,,,,,,,,,
R-05,Crear grupo con nombre duplicado,?? Alto,Error o advertencia de nombre duplicado,"Deja guardarlo, no hay validacion, ańadir validacion y no dejar guardar con nombre igual.",,,,,,,,,,,,,,,,,,,,,
R-06,Guardar ruta sin fichas,?? Alto,Validación: no se puede guardar ruta vacía,"Boton deshabilitado, funciona correctamente.",,,,,,,,,,,,,,,,,,,,,
R-07,Grupo con 50+ rutas asignadas,?? Medio,Sin degradación de rendimiento en la lista,"No tengo manera de probar eso, verifica que eso se pueda y que la asignacion masivamente funcione, si falla en alguna partediga que fue lo que paso y deje cambiar eso y luego probar nuevamente la asignacion masiva",,,,,,,,,,,,,,,,,,,,,
R-08,Eliminar grupo que tiene rutas asociadas,?? Alto,Advertencia + desasociar rutas o bloquear eliminación,"Pasan a otro grupo lamado Sin grupo, no hay alertas o validaciones, por otro lado esas fichas que qeudaron en el grupo Sin grupo no tenemos boton de mover a un grupo, reformula eso.",,,,,,,,,,,,,,,,,,,,,
R-09,Asignar ruta ? registro en historial de ejecuciones,?? Crítico,"Registro con fecha, muestreadores y lista de fichas","No tenemos esa logica implementada, implementala robustamente",,,,,,,,,,,,,,,,,,,,,
R-10,Usuario con MA_RUTA_CREAR (sin FI_GEST_ASIG) puede asignar rutas,?? Crítico,"Sin error 403 — ya corregido, verificar en producción",No le aparece el boton de crear rutas,,,,,,,,,,,,,,,,,,,,,
R-11,"Ficha de ruta en estado ""PENDIENTE COORDINACIÓN""",?? Alto,No incluida en ejecución o advertencia clara visible,"Error grave, en la lista de fichas para crear rutas, aparecen fichas que aun no han sido aprobadas por el area de coordinación, es decir, estan en estado PENDIENTE AREA COORDINACION, arregla eso.",,,,,,,,,,,,,,,,,,,,,
R-12,App móvil respeta el orden de la ruta asignada,?? Crítico,Orden por orden_ruta de mae_rutas_ejecuciones_detalle,Funciona correctamente.,,,,,,,,,,,,,,,,,,,,,
R-13,Ruta con una sola ficha,?? Medio,Funciona sin requerir mínimo 2 puntos,Si funciona correctamente,,,,,,,,,,,,,,,,,,,,,
R-14,Clonar ruta ? hereda fichas y grupo correctamente,?? Medio,Sin referencias cruzadas con la ruta original,"Si una ruta ya asignada  con fechas y muestreador, le damos clonar, cual seria el resultado esperado ya que no puede asignarse para el mismo dia y al mismo muestreador...",,,,,,,,,,,,,,,,,,,,,
R-15,"Filtros en listado de rutas (nombre, grupo, estado)",?? Alto,Resultados correctos con filtros combinados,Funciona correctamente,,,,,,,,,,,,,,,,,,,,,
M-01,Lista muestra solo fichas con muestreos ejecutados,?? Crítico,Sin mezcla con fichas pendientes,Si la lista muestra solo fichas con muestreos completados y remarca las relaizadas por GEM MAM en color verde,,,,,,,,,,,,,,,,,,,,,
M-02,"Filtros combinados (fecha, cliente, muestreador)",?? Alto,Resultados correctos y precisos,Los filtros funcionan sin problemas ,,,,,,,,,,,,,,,,,,,,,
M-03,Detalle de muestreo con fechas y muestreadores correctos,?? Crítico,Datos coinciden con lo registrado en BD,los datos si coinciden con lo registrado en la base de datos,,,,,,,,,,,,,,,,,,,,,
M-04,Crear remuestreo desde ficha ejecutada,?? Crítico,Nueva ficha referenciando la original correctamente,la nueva ficha no hace refencia a la ficha original ,,,,,,,,,,,,,,,,,,,,,
M-05,Remuestreo de ficha que ya tiene remuestreo previo,?? Medio,Permitido o advertencia según regla de negocio,Re Muestreo si se puede hacer mas de uno de la misma ficha al mismo tiempo,,,,,,,,,,,,,,,,,,,,,
M-06,Exportar ficha completada como PDF,?? Crítico,PDF con datos del muestreo ejecutado (fechas reales),"Los PDF  se generan correctamente pero sin mostrar lo de datos ingresados, ",,,,,,,,,,,,,,,,,,,,,
M-07,"Abrir documento adjunto (informe, acta)",?? Alto,Documento abre o descarga correctamente,"Los archivos adjuntos , imagenes informes , se visualizan de forma correcta",,,,,,,,,,,,,,,,,,,,,
M-08,Reenviar documento seleccionando destinatario específico,?? Alto,Email llega solo al destinatario seleccionado,el email de aviso o email que corresponde llega a el correo habilitado por los administradores,,,,,,,,,,,,,,,,,,,,,
M-09,"Marcar como ""Realizado GEM"" ? registra fecha/hora y usuario",?? Crítico,"Timestamp automático, sin posibilidad de modificación retroactiva","SI registra el responsable, la fecha y la hora correspondiente",,,,,,,,,,,,,,,,,,,,,
M-10,Marcar como realizado una ficha ya marcada,?? Medio,Error claro o botón deshabilitado,El boton se deshabilita al momento de marcar como realizado por GEM  MAM,,,,,,,,,,,,,,,,,,,,,
M-11,Paginación con 200+ muestreos,?? Medio,Sin degradación de rendimiento,No degrada la descarga ni el rendimiento el hecho de tener mas de 200 muestreos,,,,,,,,,,,,,,,,,,,,,
C-01,Vista mensual con fichas en fechas correctas,?? Crítico,Coincide con fechas de retiro en BD,"Hay fichas que no aparecen, por ejemplo una ficha tiene algunos de sus servicios asignados con fechas y muestreador, pero no aparece esa ficha en el calendario, verifica que validacion hay para que aparezca.",,,,,,,,,,,,,,,,,,,,,
C-02,Cambio de vista (mes / semana / día / lista),?? Alto,Todas las vistas funcionan sin errores,Funciona correctamente,,,,,,,,,,,,,,,,,,,,,
C-03,Responsividad en móvil,?? Medio,Vista adaptada y usable en pantalla pequeńa,Funciona correctamente,,,,,,,,,,,,,,,,,,,,,
C-04,Cancelar ficha pendiente desde calendario,?? Crítico,"Estado cambia, no aparece más en calendario activo","Sale como cancelada, y de color rojo, pero una vez canceladas, al hacer click sobre esa ficha, nos sale el boton de cancelar nuevamente disponible, verifica eso.",,,,,,,,,,,,,,,,,,,,,
C-05,Intentar cancelar ficha ya ejecutada,?? Crítico,Botón de cancelación ausente o deshabilitado,"Si deja cancelarlo, eso no deberia pasar, verifica esa logica.",,,,,,,,,,,,,,,,,,,,,
C-06,Reasignar fecha a ficha desde calendario,?? Alto,"Nueva fecha guardada, muestreador mantiene o se puede cambiar","Si funciona correctamente, considerar logica de 24 hrs o menos.
El cambiar muestreador tambien funciona, pero al abrir nuevamente la ficha, el select de Re-Asignar Muestreador sigue diciendo el nombre del muestreador anterior cuando ya cambió.",,,,,,,,,,,,,,,,,,,,,
C-07,Reasignar fecha a una pasada (ej: hace 3 días),?? Medio,Advertencia o restricción según regla de negocio,"permite hacerlo, no deberia, arreglar eso.",,,,,,,,,,,,,,,,,,,,,
C-08,Calendario con 50+ fichas en el mismo día,?? Medio,"Sin crash, paginación o scroll dentro del día",Funciona correctamente,,,,,,,,,,,,,,,,,,,,,
C-09,"Filtros combinados (muestreador, cliente, estado)",?? Alto,Resultados correctos y actualizados,"Filtro por ficha, debe poder buscar por correlativo, por otro lado los filtros combinados si funcionan.",,,,,,,,,,,,,,,,,,,,,
E-01,Crear equipo con todos los campos correctos,?? Crítico,"Equipo creado, auditoría registrada con usuario y timestamp","Errores al crear el equipo, no aparecen equipos asociados,  unidades de medida no aparecen, boton de guardar todo no funciona , y no realiza nada ,  el boton de crear si funcion a",,,,,,,,,,,,,,,,,,,,,
E-02,Crear equipo con número de serie duplicado,?? Alto,Error de validación claro,"No se puede asignar de forma manual el codigp, se asigna de forma automatico",,,,,,,,,,,,,,,,,,,,,
E-03,Editar equipo ? campos prellenados correctamente,?? Crítico,Sin datos faltantes en el formulario de edición,"Los equipos si se visualizan con todos los campos correspondientes , ",,,,,,,,,,,,,,,,,,,,,
E-04,Crear nueva versión de equipo,?? Alto,"Versión anterior queda como histórico, nueva como activa",La version seleccionada  queda como la activa y la que estava queda como historial,,,,,,,,,,,,,,,,,,,,,
E-05,Deshabilitar equipo asignado a muestreo futuro,?? Alto,"Advertencia: ""Equipo asignado a muestreos programados""",,,,,,,,,,,,,,,,,,,,,,
E-06,Notificación de equipo por vencer (N días antes),?? Crítico,"Notificación aparece con anticipación, desaparece al renovar",Si aparece la notificacion correspondiente a el equipo por vencer,,,,,,,,,,,,,,,,,,,,,
E-07,Equipo vencido ? indicador visual en listado,?? Crítico,Badge o color diferenciador claro en la lista,El equipo si aparece como vencido de color naranjo y  con estado inactivo,,,,,,,,,,,,,,,,,,,,,
E-08,Exportar lista de equipos con filtros aplicados,?? Alto,Archivo refleja exactamente los datos filtrados,La lista de equipos exportados aparece ordenado y con todos los equipos y toda la informacion correspondiente ,,,,,,,,,,,,,,,,,,,,,
E-09,"Filtros combinados (tipo, estado, vencimiento)",?? Alto,Resultados correctos al combinar múltiples filtros,Los filtros combinados funcionan bien y sin ningun problema ,,,,,,,,,,,,,,,,,,,,,
E-10,Flujo de solicitud pendiente de equipo,?? Alto,Solicitud cambia estado correctamente en cada paso,Las solicitudes pendientes se visualizan de forma independiente por equipo con un icono reconocible ,,,,,,,,,,,,,,,,,,,,,
E-11,Crear equipo con fecha de vencimiento en el pasado,?? Medio,Advertencia o error de validación,Error al crear equipo ya que la fecha de vigencia es anteriror a la fecha actual de la creacion del equipo,,,,,,,,,,,,,,,,,,,,,
E-12,"Auditoría de creación, edición y deshabilitación",?? Crítico,"Historial visible con usuario, acción y timestamp",Falta mejorar las auditorias para que aparescan los procesos de forma correcta,,,,,,,,,,,,,,,,,,,,,
MS-01,Crear muestreador con datos completos,?? Crítico,Muestreador creado correctamente,"No tenemos logica de crear muestreador , crea esa logica.",,,,,,,,,,,,,,,,,,,,,
MS-02,Crear muestreador con RUT duplicado,?? Alto,Error de validación claro,No tenemos esa logica,,,,,,,,,,,,,,,,,,,,,
MS-03,Editar muestreador ? datos prellenados,?? Crítico,Sin campos vacíos en el formulario,"Los datos estan pre-rellados, funciona correctamente",,,,,,,,,,,,,,,,,,,,,
MS-04,Deshabilitar muestreador asignado a ruta o muestreo futuro,?? Alto,Advertencia visible antes de confirmar,"No tenemos una validacion de eso, implementar esa logica, y ver que se hace con esas fichas si quedar sin asignacion o se pasa a otro muestreador",,,,,,,,,,,,,,,,,,,,,
MS-05,Cargar firma (imagen PNG/JPG),?? Alto,Preview de firma visible después de cargar,"Si funciona correctamente, Detalle: logica de edicion, el campo de contraseńa esa vacio, pide ingresarla o editarla en todo momento, cuando debe ser opcional si editarla o no",,,,,,,,,,,,,,,,,,,,,
MS-06,"Cargar firma con formato no permitido (PDF, DOCX)",?? Medio,Error de validación de formato,"Solo busca formato de imagenes, pero si cambiamos eso y seleccionamos un pdf si lo guarda el pdf, verifica eso.",,,,,,,,,,,,,,,,,,,,,
MS-07,Cargar imagen de firma mayor a 5MB,?? Medio,Error de tamańo máximo permitido,No hay validacion de eso.,,,,,,,,,,,,,,,,,,,,,
MS-08,Firma aparece en PDF de ficha generada,?? Alto,Imagen de firma visible en el PDF,Si funciona correctamente.,,,,,,,,,,,,,,,,,,,,,
MS-09,Muestreador deshabilitado no aparece en selects de asignación,?? Crítico,No listado en asignación manual ni en rutas,Si funciona correctamente.,,,,,,,,,,,,,,,,,,,,,
U-01,Solo usuarios con permiso pueden crear cada tipo de solicitud,?? Crítico,Opción no visible para los que no tienen permiso,"Solo los usuarios con permisos pueden ver o realizar acciones , los que no tienen permisos no pueden realizar acciones ni acceder",,,,,,,,,,,,,,,,,,,,,
U-02,Crear solicitud con todos los campos correctos,?? Crítico,"Solicitud creada en estado ""Pendiente""",La Creacion de las solicitudes funcionan bien ,,,,,,,,,,,,,,,,,,,,,
U-03,Aceptar solicitud con permiso de aprobación,?? Crítico,"Estado cambia, notificación enviada al creador",,,,,,,,,,,,,,,,,,,,,,
U-04,Rechazar solicitud con observaciones vacías,?? Alto,Error: observación obligatoria para rechazar,No se puede rechazar solicitudes sin una observacion,,,,,,,,,,,,,,,,,,,,,
U-05,Derivar a usuario sin rol para recibirla,?? Alto,Error o lista de derivación filtrada por rol,"No se puede derivar a usuarios sin que tenga permisos para derivar , ni se puede derivar a algun usuario que no tenga permsiso",,,,,,,,,,,,,,,,,,,,,
U-06,Flujo completo: crear ? revisar ? aceptar ? notificar,?? Crítico,Cada paso registrado con usuario y timestamp,El flujo funiona correctamente,,,,,,,,,,,,,,,,,,,,,
U-07,Notificación web en tiempo real al cambiar estado,?? Crítico,Badge actualiza sin recargar la página,Las notificaciones web funcionan en tiempo real ,,,,,,,,,,,,,,,,,,,,,
U-08,Email de notificación con HTML correcto,?? Alto,"Email bien formateado, no en texto plano",Los correos llegan con su informacion correspondeintes y datos reales,,,,,,,,,,,,,,,,,,,,,
U-09,"Bandeja con filtros por estado, tipo y fecha",?? Alto,Resultados correctos al combinar filtros,Los filtros funcionan correctamente y  y funcionan combinados,,,,,,,,,,,,,,,,,,,,,
U-10,Chat de solicitud: mensaje y adjunto,?? Alto,Mensaje visible para todos los participantes en tiempo real,El chat de solicitudes funciona correctamente y en tiempo real con la persona crrespondeinte ,,,,,,,,,,,,,,,,,,,,,
U-11,Derivar a usuario deshabilitado,?? Medio,Error o usuario no aparece en la lista,Solo se puede derivar al area correspondiente,,,,,,,,,,,,,,,,,,,,,
U-12,Crear solicitud duplicada (mismo tipo y período),? Bajo,Advertencia o permisión según regla de negocio,"Las solicitudes si se pueden crear con los mismsos datos  repetidas, no arroja ninguna alerta ",,,,,,,,,,,,,,,,,,,,,
CH-01,Crear chat 1:1 y enviar mensaje,?? Crítico,Mensaje en tiempo real para ambos usuarios,Funciona correctamente,,,,,,,,,,,,,,,,,,,,,
CH-02,Enviar emoji,?? Alto,"Emoji renderizado correctamente, no como código",Funciona correctamente,,,,,,,,,,,,,,,,,,,,,
CH-03,"Enviar archivo adjunto (PDF, imagen)",?? Alto,Archivo descargable por el receptor,"Funciona correctamente, me gustaria que si adjuntamos un pdf o excel, salga el icono de pdf o excel y no un icono generico de documento, verifica eso.",,,,,,,,,,,,,,,,,,,,,
CH-04,Enviar archivo mayor al límite,?? Medio,Error claro con tamańo máximo permitido,"No hay validacion, verifica eso.",,,,,,,,,,,,,,,,,,,,,
CH-05,Crear grupo de chat con múltiples usuarios,?? Crítico,Todos los miembros reciben mensajes en tiempo real,Funciona correctamente,,,,,,,,,,,,,,,,,,,,,
CH-06,Ańadir usuario a grupo existente,?? Alto,Usuario incorporado y recibe mensajes desde ese momento,"Funciona correctamente, pero los mensajes de que x fue removido del grupo o x fue agregado al grupo, hay que quitar y abrir el chat para que aparezcan, pero en cuanto a la logica de agregar o quitar funciona correctamente.",,,,,,,,,,,,,,,,,,,,,
CH-07,Quitar usuario de grupo,?? Alto,Usuario deja de recibir nuevos mensajes,Funciona correctamente,,,,,,,,,,,,,,,,,,,,,
CH-08,Notificación de nuevo mensaje (badge),?? Crítico,Badge actualiza sin recargar página,Funciona correctamente,,,,,,,,,,,,,,,,,,,,,
CH-09,Marcar chat como favorito,?? Medio,Aparece en sección de favoritos,Funciona correctamente,,,,,,,,,,,,,,,,,,,,,
CH-10,Eliminar chat ? confirmación previa,?? Alto,"Modal de confirmación, eliminación irreversible",Funciona correctamente,,,,,,,,,,,,,,,,,,,,,
CH-11,Abrir chat en dos tabs simultáneamente,? Bajo,Sin mensajes duplicados ni conflictos,Funciona correctamente,,,,,,,,,,,,,,,,,,,,,
CH-12,Mensaje muy largo (1000+ caracteres),?? Medio,"Muestra completo o con ""Ver más"", sin romper el layout","Sale el mensaje completo, aplica logica de ver mas, segun cierta cantidad, puede haber varios ""ver mas"" hasta llegar al final",,,,,,,,,,,,,,,,,,,,,
N-01,Notificación web en tiempo real vía Socket.IO,?? Crítico,Badge actualiza sin recargar la página,Funciona correctamente  ,,,,,,,,,,,,,,,,,,,,,
N-02,Click en notificación ? navega al recurso correcto,?? Alto,"Lleva a la ficha, solicitud o chat correspondiente","Funciona correctamente, redirigiendo donde corresponde",,,,,,,,,,,,,,,,,,,,,
N-03,Marcar notificación como leída,?? Alto,"Badge disminuye, marcada visualmente",Al marcar como leida  desaparece el remarcado ,,,,,,,,,,,,,,,,,,,,,
N-04,Marcar todas como leídas,?? Alto,Badge desaparece por completo,la notificacion sigue apareciendo pero no marcada,,,,,,,,,,,,,,,,,,,,,
N-05,Email deshabilitado ? solo llega notificación web,?? Alto,"No se envía email, notificación web sí llega","si el email esta deshabilitado y si esta habilitado la notificacion web , solo llega la notificacion web ",,,,,,,,,,,,,,,,,,,,,
N-06,Usuario desconectado recibe notificación ? la ve al volver,?? Crítico,"Notificaciones persistidas en BD, visibles al reconectar",SI el usuario ve la notificacion cuando se vuelva a conectar ,,,,,,,,,,,,,,,,,,,,,
N-07,25+ notificaciones no leídas,?? Medio,"Paginación o ""Ver todas"", sin corte arbitrario",Las notificaciones si se ven si son mas de 25,,,,,,,,,,,,,,,,,,,,,
RB-01,Crear usuario con email duplicado,?? Crítico,Error de validación claro,"Dice el correo ya esta en uso, por ende esta correcto.
Formulario los campos tienen lag al ingresar informacion verifica por que.
Al crear usuario, sale un bloque en blanco medio transparente, es un error de diseńo, verifica que es y arreglalo quitalo.",,,,,,,,,,,,,,,,,,,,,
RB-02,Crear usuario y asignar rol,?? Crítico,Usuario inicia sesión con los permisos del rol asignado,Funciona correctamente,,,,,,,,,,,,,,,,,,,,,
RB-03,Cambiar rol a usuario con sesión activa,?? Alto,Nuevos permisos aplican en el próximo request o login,"cambie un rol de un usuario y me dice esto: Cannot read properties of null (reading 'toLowerCase')
el usuario no se le cerró sesión, pero se le fueron los permisos.",,,,,,,,,,,,,,,,,,,,,
RB-04,Deshabilitar usuario con sesión activa,?? Alto,"Próximo request devuelve 401/403, logout forzado","el usuario no se le cierra seion, pero si se le van sus permisos, deberia cerrarse su sesion y darle un mensaje que su usuario fue deshabilitado",,,,,,,,,,,,,,,,,,,,,
RB-05,Editar nombre de rol,?? Crítico,Cambio sin afectar permisos asociados al rol,Funciona correctamente,,,,,,,,,,,,,,,,,,,,,
RB-06,Agregar permiso a rol ? usuarios obtienen acceso,?? Crítico,Acceso nuevo sin necesidad de re-login,Funciona correctamente,,,,,,,,,,,,,,,,,,,,,
RB-07,Quitar permiso a rol ? acceso denegado,?? Crítico,403 limpio en el próximo request,"Funciona correctamente, pero al ser nuevos permisos o quitarle permisos, el usuario debe re ingresar a la pagina o recargarla para que se visualice, verifica eso.",,,,,,,,,,,,,,,,,,,,,
RB-08,Usuario con AI_MA_ADMIN_ACCESO (super-admin),?? Crítico,Acceso total sin restricciones por permiso,"ese permiso ya no existe, verifica los permisos son todos mediante base de datos.",,,,,,,,,,,,,,,,,,,,,
RB-09,Eliminar rol con usuarios asignados,?? Alto,"Advertencia, bloqueo o desasignación automática",modal de confirmacion que dice cantidad de usuarios que se le quitaran sus permisos.,,,,,,,,,,,,,,,,,,,,,
RB-10,Acceder a URL protegida pegándola sin permiso,?? Crítico,"Sin contenido protegido visible, redirect o 403","No tenemos logica de navegacion mediante urls, verifica nuestra logica de navegacion, deberia ser con urls? por ejemplo /fichas...",,,,,,,,,,,,,,,,,,,,,
MA-01,Crear registro sin campos obligatorios,?? Crítico,Error de validación por campo específico,"No da ningun error ni notificacion de error al crear algo en los maestros, arrojar error o notificaicon de error si no hay datos",,,,,,,,,,,,,,,,,,,,,
MA-02,Editar registro maestro en uso en fichas activas,?? Alto,Advertencia o cambio propagado a registros dependientes,Sin advertencias al momento de editar ,,,,,,,,,,,,,,,,,,,,,
MA-03,Deshabilitar registro referenciado por ficha activa,?? Alto,"Advertencia: ""Este registro está en uso""",No da ninguna advertencia ni notificacion,,,,,,,,,,,,,,,,,,,,,
MA-04,Tabla dependiente ? crear con FK inexistente,?? Medio,Error de FK o validación previa en el frontend,No da error pero si se puede crear algo nuevo en  en el mismo proceso que estas si no tienes lo requerido de tabla dependiente ,,,,,,,,,,,,,,,,,,,,,
MA-05,Buscar en tabla con 500+ registros,?? Medio,"Búsqueda rápida, sin timeout","error al cargar un maestro con gran cantidad de datos (ejemplo al ingresar en EMPRESA DE SERVICIO)
react-dom_client.js?v=1d046a35:7001 TypeError: Cannot read properties of null (reading 'toLowerCase')
    at defaultOptionsFilter (chunk-KYGESVNQ.js?v=1d046a35:15685:22)
    at OptionsDropdown (chunk-KYGESVNQ.js?v=1d046a35:15809:71)
    at Object.react_stack_bottom_frame (react-dom_client.js?v=1d046a35:18509:20)
    at renderWithHooks (react-dom_client.js?v=1d046a35:5654:24)
    at updateFunctionComponent (react-dom_client.js?v=1d046a35:7475:21)
    at beginWork (react-dom_client.js?v=1d046a35:8525:20)
    at runWithFiberInDEV (react-dom_client.js?v=1d046a35:997:72)
    at performUnitOfWork (react-dom_client.js?v=1d046a35:12561:98)
    at workLoopSync (react-dom_client.js?v=1d046a35:12424:43)
    at renderRootSync (react-dom_client.js?v=1d046a35:12408:13)

The above error occurred in the <OptionsDropdown> component.

React will try to recreate this component tree from scratch using the error boundary you provided, ErrorBoundary.

ErrorBoundary.tsx:24 Uncaught error: TypeError: Cannot read properties of null (reading 'toLowerCase')
 
{componentStack: '\n    at OptionsDropdown (http://localhost:5173/nod…s/.vite/deps/chunk-KYGESVNQ.js?v=1d046a35:2747:3)'}


",,,,,,,,,,,,,,,,,,,,,
MA-06,Paginación en tablas maestro,?? Alto,Funciona correctamente al cambiar de página,Funciona correctamente ,,,,,,,,,,,,,,,,,,,,,
DX-01,Toda la web usa Mantine UI v8 y paleta corporativa,?? Alto,Sin componentes de otras librerías visualmente mezclados,Todo esta construido con mantine UI v8 Y LA PALETA CORPORATIVA,,,,,,,,,,,,,,,,,,,,,
DX-02,Componentes reutilizables consistentes entre módulos,?? Alto,Cambiar de sección no produce cambio drástico de estilo,"SI presenta componentes reutilizados y consistentes con el sistema , y no produce cambios drasticos",,,,,,,,,,,,,,,,,,,,,
DX-03,Estados vacíos en todas las tablas,?? Medio,"Mensaje ""No hay datos"" elegante, sin tablas en blanco",si se gestionan los esatdos vacios ,,,,,,,,,,,,,,,,,,,,,
DX-04,Estados de carga en todas las peticiones,?? Alto,"Skeleton o spinner visible, sin pantallas en blanco",Si los implementa,,,,,,,,,,,,,,,,,,,,,
DX-05,Errores del backend legibles para el usuario,?? Crítico,"Texto en espańol, sin stack traces ni mensajes técnicos",Si los errores son visibles por el usuario  y faciles de comprender,,,,,,,,,,,,,,,,,,,,,
DX-06,Toasts de éxito/error se cierran solos,?? Medio,Desaparecen a los ~4-5 segundos,si desaparecen tras 4 segundos,,,,,,,,,,,,,,,,,,,,,
DX-07,Confirmación antes de acciones destructivas,?? Crítico,"Modal de confirmación en: eliminar, deshabilitar, cancelar","antes de  confirmar alguna eliminacion o algo parecido , le solicita confirmar al usuario ",,,,,,,,,,,,,,,,,,,,,
DX-08,Responsividad en tablet (768px),?? Alto,Layout usable sin desbordamientos,El sistema esta funcionando de forma responsiva para tablet y telefonos,,,,,,,,,,,,,,,,,,,,,
DX-09,Tablas largas con paginación o scroll infinito,?? Alto,Sin congelarse con 200+ registros,"En algunas paginas tenemos integrado el scroll infinito sin que pase por cantidad de vistas , sino que una sola conscroll ",,,,,,,,,,,,,,,,,,,,,
X-01,Dos usuarios crean la misma ficha simultáneamente (race condition),? Bajo,IDs duplicados o pérdida de datos — debe resolverse en BD,"No deberia haber problema, ya que es imposible que se cree al mismo tiempo, deberia crear ambas fichas, debe haber un tiempo de segundos ",,,,,,,,,,,,,,,,,,,,,
X-02,Un usuario edita ficha mientras otro la aprueba al mismo tiempo,? Bajo,Estado inconsistente — el último en guardar no debe silenciar el conflicto,"Se debe validar antes de cada accion, implementar tiempos",,,,,,,,,,,,,,,,,,,,,
X-03,Muestreador deshabilitado mientras su ruta se está procesando,? Bajo,Asignación huérfana o error visible al usuario,Lanzar mensaje de error,,,,,,,,,,,,,,,,,,,,,
X-04,Link de Maps válido pero de otro país (fuera de Chile),?? Medio,Coordenadas guardadas correctamente pero fuera del rango geográfico esperado,No deberia haber problema.,,,,,,,,,,,,,,,,,,,,,
X-05,BD con conexión caída durante guardado de ficha,? Bajo,"Rollback de transacción, datos no quedan a medias",Deberia haber mensaje de error al guardar,,,,,,,,,,,,,,,,,,,,,
X-06,Usuario borra cookies/localStorage con sesión activa,? Bajo,"Próximo request sin token ? 401 limpio, redirect a login",Verifica si la sesion la guardamos en las cookies y como deberiamos manejar esta situacion,,,,,,,,,,,,,,,,,,,,,
X-07,Subir PDF corrupto como documento adjunto,? Bajo,"Error manejado, sin crash del servidor",Implementa mensaje de error ,,,,,,,,,,,,,,,,,,,,,
X-08,"Nombre de empresa con caracteres especiales (&, <, >, "")",?? Medio,"Escapado correctamente en vistas y PDF, sin XSS","No deberia permitirse, implementa eso",,,,,,,,,,,,,,,,,,,,,
X-09,Importación bulk de 100+ fichas simultáneamente,? Bajo,Sin timeout ni procesamiento parcial silencioso,"No deberia haber problema, implementar tiempo si es que no hay.",,,,,,,,,,,,,,,,,,,,,
X-10,Socket.IO desconectado ? notificaciones dejan de llegar,?? Medio,Reconexión automática o alerta visible al usuario,Implementa alerta,,,,,,,,,,,,,,,,,,,,,
X-11,Token JWT manipulado manualmente en localStorage,?? Alto,"Backend rechaza con 401, no expone datos protegidos",Verifica como manejamos el token,,,,,,,,,,,,,,,,,,,,,
X-12,Email de notificación con HTML inyectado por usuario,?? Alto,"HTML sanitizado, no ejecutado en el cliente de email",Verifica qu eso no pase,,,,,,,,,,,,,,,,,,,,,
X-13,401 recibido con sesión activa ? logout sin perder contexto,?? Alto,"Redirige a login con mensaje, no pantalla en blanco",Verifica e implementa para manejar esa situacion.,,,,,,,,,,,,,,,,,,,,,
,,,,,,,,,,,,,,,,,,,,,,,,,
,,,,,,,,,,,,,,,,,,,,,,,,,
,,,,,,,,,,,,,,,,,,,,,,,,,
,,,,,,,,,,,,,,,,,,,,,,,,,
,,,,,,,,,,,,,,,,,,,,,,,,,
,,,,,,,,,,,,,,,,,,,,,,,,,
,,,,,,,,,,,,,,,,,,,,,,,,,
,,,,,,,,,,,,,,,,,,,,,,,,,
,,,,,,,,,,,,,,,,,,,,,,,,,
,,,,,,,,,,,,,,,,,,,,,,,,,
,,,,,,,,,,,,,,,,,,,,,,,,,
,,,,,,,,,,,,,,,,,,,,,,,,,
,,,,,,,,,,,,,,,,,,,,,,,,,
,,,,,,,,,,,,,,,,,,,,,,,,,
,,,,,,,,,,,,,,,,,,,,,,,,,
,,,,,,,,,,,,,,,,,,,,,,,,,
,,,,,,,,,,,,,,,,,,,,,,,,,
,,,,,,,,,,,,,,,,,,,,,,,,,
,,,,,,,,,,,,,,,,,,,,,,,,,
,,,,,,,,,,,,,,,,,,,,,,,,,
,,,,,,,,,,,,,,,,,,,,,,,,,
,,,,,,,,,,,,,,,,,,,,,,,,,
,,,,,,,,,,,,,,,,,,,,,,,,,
,,,,,,,,,,,,,,,,,,,,,,,,,
,,,,,,,,,,,,,,,,,,,,,,,,,
,,,,,,,,,,,,,,,,,,,,,,,,,
,,,,,,,,,,,,,,,,,,,,,,,,,
,,,,,,,,,,,,,,,,,,,,,,,,,
,,,,,,,,,,,,,,,,,,,,,,,,,
,,,,,,,,,,,,,,,,,,,,,,,,,
,,,,,,,,,,,,,,,,,,,,,,,,,
,,,,,,,,,,,,,,,,,,,,,,,,,
,,,,,,,,,,,,,,,,,,,,,,,,,
,,,,,,,,,,,,,,,,,,,,,,,,,
,,,,,,,,,,,,,,,,,,,,,,,,,
,,,,,,,,,,,,,,,,,,,,,,,,,
,,,,,,,,,,,,,,,,,,,,,,,,,
,,,,,,,,,,,,,,,,,,,,,,,,,
,,,,,,,,,,,,,,,,,,,,,,,,,
,,,,,,,,,,,,,,,,,,,,,,,,,
,,,,,,,,,,,,,,,,,,,,,,,,,
,,,,,,,,,,,,,,,,,,,,,,,,,
,,,,,,,,,,,,,,,,,,,,,,,,,
,,,,,,,,,,,,,,,,,,,,,,,,,
,,,,,,,,,,,,,,,,,,,,,,,,,
,,,,,,,,,,,,,,,,,,,,,,,,,
,,,,,,,,,,,,,,,,,,,,,,,,,
,,,,,,,,,,,,,,,,,,,,,,,,,
,,,,,,,,,,,,,,,,,,,,,,,,,
,,,,,,,,,,,,,,,,,,,,,,,,,
,,,,,,,,,,,,,,,,,,,,,,,,,
,,,,,,,,,,,,,,,,,,,,,,,,,
,,,,,,,,,,,,,,,,,,,,,,,,,
,,,,,,,,,,,,,,,,,,,,,,,,,
,,,,,,,,,,,,,,,,,,,,,,,,,
,,,,,,,,,,,,,,,,,,,,,,,,,
,,,,,,,,,,,,,,,,,,,,,,,,,
,,,,,,,,,,,,,,,,,,,,,,,,,
,,,,,,,,,,,,,,,,,,,,,,,,,
,,,,,,,,,,,,,,,,,,,,,,,,,
,,,,,,,,,,,,,,,,,,,,,,,,,
,,,,,,,,,,,,,,,,,,,,,,,,,
,,,,,,,,,,,,,,,,,,,,,,,,,
,,,,,,,,,,,,,,,,,,,,,,,,,
,,,,,,,,,,,,,,,,,,,,,,,,,
,,,,,,,,,,,,,,,,,,,,,,,,,
,,,,,,,,,,,,,,,,,,,,,,,,,
,,,,,,,,,,,,,,,,,,,,,,,,,
,,,,,,,,,,,,,,,,,,,,,,,,,
,,,,,,,,,,,,,,,,,,,,,,,,,
,,,,,,,,,,,,,,,,,,,,,,,,,
,,,,,,,,,,,,,,,,,,,,,,,,,
,,,,,,,,,,,,,,,,,,,,,,,,,
,,,,,,,,,,,,,,,,,,,,,,,,,
,,,,,,,,,,,,,,,,,,,,,,,,,
,,,,,,,,,,,,,,,,,,,,,,,,,
,,,,,,,,,,,,,,,,,,,,,,,,,
,,,,,,,,,,,,,,,,,,,,,,,,,
,,,,,,,,,,,,,,,,,,,,,,,,,
,,,,,,,,,,,,,,,,,,,,,,,,,
,,,,,,,,,,,,,,,,,,,,,,,,,
,,,,,,,,,,,,,,,,,,,,,,,,,
,,,,,,,,,,,,,,,,,,,,,,,,,
,,,,,,,,,,,,,,,,,,,,,,,,,
,,,,,,,,,,,,,,,,,,,,,,,,,
,,,,,,,,,,,,,,,,,,,,,,,,,
,,,,,,,,,,,,,,,,,,,,,,,,,
,,,,,,,,,,,,,,,,,,,,,,,,,
,,,,,,,,,,,,,,,,,,,,,,,,,
,,,,,,,,,,,,,,,,,,,,,,,,,
,,,,,,,,,,,,,,,,,,,,,,,,,
,,,,,,,,,,,,,,,,,,,,,,,,,
,,,,,,,,,,,,,,,,,,,,,,,,,
,,,,,,,,,,,,,,,,,,,,,,,,,
,,,,,,,,,,,,,,,,,,,,,,,,,
,,,,,,,,,,,,,,,,,,,,,,,,,
,,,,,,,,,,,,,,,,,,,,,,,,,
,,,,,,,,,,,,,,,,,,,,,,,,,
,,,,,,,,,,,,,,,,,,,,,,,,,
,,,,,,,,,,,,,,,,,,,,,,,,,
,,,,,,,,,,,,,,,,,,,,,,,,,
,,,,,,,,,,,,,,,,,,,,,,,,,
,,,,,,,,,,,,,,,,,,,,,,,,,
,,,,,,,,,,,,,,,,,,,,,,,,,
,,,,,,,,,,,,,,,,,,,,,,,,,
,,,,,,,,,,,,,,,,,,,,,,,,,
,,,,,,,,,,,,,,,,,,,,,,,,,
,,,,,,,,,,,,,,,,,,,,,,,,,
,,,,,,,,,,,,,,,,,,,,,,,,,
,,,,,,,,,,,,,,,,,,,,,,,,,
,,,,,,,,,,,,,,,,,,,,,,,,,
,,,,,,,,,,,,,,,,,,,,,,,,,
,,,,,,,,,,,,,,,,,,,,,,,,,
,,,,,,,,,,,,,,,,,,,,,,,,,
,,,,,,,,,,,,,,,,,,,,,,,,,
,,,,,,,,,,,,,,,,,,,,,,,,,
,,,,,,,,,,,,,,,,,,,,,,,,,
,,,,,,,,,,,,,,,,,,,,,,,,,
,,,,,,,,,,,,,,,,,,,,,,,,,
,,,,,,,,,,,,,,,,,,,,,,,,,
,,,,,,,,,,,,,,,,,,,,,,,,,
,,,,,,,,,,,,,,,,,,,,,,,,,
,,,,,,,,,,,,,,,,,,,,,,,,,
,,,,,,,,,,,,,,,,,,,,,,,,,
,,,,,,,,,,,,,,,,,,,,,,,,,
,,,,,,,,,,,,,,,,,,,,,,,,,
,,,,,,,,,,,,,,,,,,,,,,,,,
,,,,,,,,,,,,,,,,,,,,,,,,,
,,,,,,,,,,,,,,,,,,,,,,,,,
,,,,,,,,,,,,,,,,,,,,,,,,,
,,,,,,,,,,,,,,,,,,,,,,,,,
,,,,,,,,,,,,,,,,,,,,,,,,,
,,,,,,,,,,,,,,,,,,,,,,,,,
,,,,,,,,,,,,,,,,,,,,,,,,,
,,,,,,,,,,,,,,,,,,,,,,,,,
,,,,,,,,,,,,,,,,,,,,,,,,,
,,,,,,,,,,,,,,,,,,,,,,,,,
,,,,,,,,,,,,,,,,,,,,,,,,,
,,,,,,,,,,,,,,,,,,,,,,,,,
,,,,,,,,,,,,,,,,,,,,,,,,,
,,,,,,,,,,,,,,,,,,,,,,,,,
,,,,,,,,,,,,,,,,,,,,,,,,,
,,,,,,,,,,,,,,,,,,,,,,,,,
,,,,,,,,,,,,,,,,,,,,,,,,,
,,,,,,,,,,,,,,,,,,,,,,,,,
,,,,,,,,,,,,,,,,,,,,,,,,,
,,,,,,,,,,,,,,,,,,,,,,,,,
,,,,,,,,,,,,,,,,,,,,,,,,,
,,,,,,,,,,,,,,,,,,,,,,,,,
,,,,,,,,,,,,,,,,,,,,,,,,,
,,,,,,,,,,,,,,,,,,,,,,,,,
,,,,,,,,,,,,,,,,,,,,,,,,,
,,,,,,,,,,,,,,,,,,,,,,,,,
,,,,,,,,,,,,,,,,,,,,,,,,,
,,,,,,,,,,,,,,,,,,,,,,,,,
,,,,,,,,,,,,,,,,,,,,,,,,,
,,,,,,,,,,,,,,,,,,,,,,,,,
,,,,,,,,,,,,,,,,,,,,,,,,,
,,,,,,,,,,,,,,,,,,,,,,,,,
,,,,,,,,,,,,,,,,,,,,,,,,,
,,,,,,,,,,,,,,,,,,,,,,,,,
,,,,,,,,,,,,,,,,,,,,,,,,,
,,,,,,,,,,,,,,,,,,,,,,,,,
,,,,,,,,,,,,,,,,,,,,,,,,,
,,,,,,,,,,,,,,,,,,,,,,,,,
,,,,,,,,,,,,,,,,,,,,,,,,,
,,,,,,,,,,,,,,,,,,,,,,,,,
,,,,,,,,,,,,,,,,,,,,,,,,,
,,,,,,,,,,,,,,,,,,,,,,,,,
,,,,,,,,,,,,,,,,,,,,,,,,,
,,,,,,,,,,,,,,,,,,,,,,,,,
,,,,,,,,,,,,,,,,,,,,,,,,,
,,,,,,,,,,,,,,,,,,,,,,,,,
,,,,,,,,,,,,,,,,,,,,,,,,,
,,,,,,,,,,,,,,,,,,,,,,,,,
,,,,,,,,,,,,,,,,,,,,,,,,,
,,,,,,,,,,,,,,,,,,,,,,,,,
,,,,,,,,,,,,,,,,,,,,,,,,,
,,,,,,,,,,,,,,,,,,,,,,,,,
,,,,,,,,,,,,,,,,,,,,,,,,,
,,,,,,,,,,,,,,,,,,,,,,,,,
,,,,,,,,,,,,,,,,,,,,,,,,,
,,,,,,,,,,,,,,,,,,,,,,,,,
,,,,,,,,,,,,,,,,,,,,,,,,,
,,,,,,,,,,,,,,,,,,,,,,,,,
,,,,,,,,,,,,,,,,,,,,,,,,,
,,,,,,,,,,,,,,,,,,,,,,,,,
,,,,,,,,,,,,,,,,,,,,,,,,,
,,,,,,,,,,,,,,,,,,,,,,,,,
,,,,,,,,,,,,,,,,,,,,,,,,,
,,,,,,,,,,,,,,,,,,,,,,,,,
,,,,,,,,,,,,,,,,,,,,,,,,,
,,,,,,,,,,,,,,,,,,,,,,,,,
,,,,,,,,,,,,,,,,,,,,,,,,,
,,,,,,,,,,,,,,,,,,,,,,,,,
,,,,,,,,,,,,,,,,,,,,,,,,,
,,,,,,,,,,,,,,,,,,,,,,,,,
,,,,,,,,,,,,,,,,,,,,,,,,,
,,,,,,,,,,,,,,,,,,,,,,,,,
,,,,,,,,,,,,,,,,,,,,,,,,,
,,,,,,,,,,,,,,,,,,,,,,,,,
,,,,,,,,,,,,,,,,,,,,,,,,,
,,,,,,,,,,,,,,,,,,,,,,,,,
,,,,,,,,,,,,,,,,,,,,,,,,,
,,,,,,,,,,,,,,,,,,,,,,,,,
,,,,,,,,,,,,,,,,,,,,,,,,,
,,,,,,,,,,,,,,,,,,,,,,,,,
,,,,,,,,,,,,,,,,,,,,,,,,,
,,,,,,,,,,,,,,,,,,,,,,,,,
,,,,,,,,,,,,,,,,,,,,,,,,,
,,,,,,,,,,,,,,,,,,,,,,,,,
,,,,,,,,,,,,,,,,,,,,,,,,,
,,,,,,,,,,,,,,,,,,,,,,,,,
,,,,,,,,,,,,,,,,,,,,,,,,,
,,,,,,,,,,,,,,,,,,,,,,,,,
,,,,,,,,,,,,,,,,,,,,,,,,,
,,,,,,,,,,,,,,,,,,,,,,,,,
,,,,,,,,,,,,,,,,,,,,,,,,,
,,,,,,,,,,,,,,,,,,,,,,,,,
,,,,,,,,,,,,,,,,,,,,,,,,,
,,,,,,,,,,,,,,,,,,,,,,,,,
,,,,,,,,,,,,,,,,,,,,,,,,,
,,,,,,,,,,,,,,,,,,,,,,,,,
,,,,,,,,,,,,,,,,,,,,,,,,,
,,,,,,,,,,,,,,,,,,,,,,,,,
,,,,,,,,,,,,,,,,,,,,,,,,,
,,,,,,,,,,,,,,,,,,,,,,,,,
,,,,,,,,,,,,,,,,,,,,,,,,,
,,,,,,,,,,,,,,,,,,,,,,,,,
,,,,,,,,,,,,,,,,,,,,,,,,,
,,,,,,,,,,,,,,,,,,,,,,,,,
,,,,,,,,,,,,,,,,,,,,,,,,,
,,,,,,,,,,,,,,,,,,,,,,,,,
,,,,,,,,,,,,,,,,,,,,,,,,,
,,,,,,,,,,,,,,,,,,,,,,,,,
,,,,,,,,,,,,,,,,,,,,,,,,,
,,,,,,,,,,,,,,,,,,,,,,,,,
,,,,,,,,,,,,,,,,,,,,,,,,,
,,,,,,,,,,,,,,,,,,,,,,,,,
,,,,,,,,,,,,,,,,,,,,,,,,,
,,,,,,,,,,,,,,,,,,,,,,,,,
,,,,,,,,,,,,,,,,,,,,,,,,,
,,,,,,,,,,,,,,,,,,,,,,,,,
,,,,,,,,,,,,,,,,,,,,,,,,,
,,,,,,,,,,,,,,,,,,,,,,,,,
,,,,,,,,,,,,,,,,,,,,,,,,,
,,,,,,,,,,,,,,,,,,,,,,,,,
,,,,,,,,,,,,,,,,,,,,,,,,,
,,,,,,,,,,,,,,,,,,,,,,,,,
,,,,,,,,,,,,,,,,,,,,,,,,,
,,,,,,,,,,,,,,,,,,,,,,,,,
,,,,,,,,,,,,,,,,,,,,,,,,,
,,,,,,,,,,,,,,,,,,,,,,,,,
,,,,,,,,,,,,,,,,,,,,,,,,,
,,,,,,,,,,,,,,,,,,,,,,,,,
,,,,,,,,,,,,,,,,,,,,,,,,,
,,,,,,,,,,,,,,,,,,,,,,,,,
,,,,,,,,,,,,,,,,,,,,,,,,,
,,,,,,,,,,,,,,,,,,,,,,,,,
,,,,,,,,,,,,,,,,,,,,,,,,,
,,,,,,,,,,,,,,,,,,,,,,,,,
,,,,,,,,,,,,,,,,,,,,,,,,,
,,,,,,,,,,,,,,,,,,,,,,,,,
,,,,,,,,,,,,,,,,,,,,,,,,,
,,,,,,,,,,,,,,,,,,,,,,,,,
,,,,,,,,,,,,,,,,,,,,,,,,,
,,,,,,,,,,,,,,,,,,,,,,,,,
,,,,,,,,,,,,,,,,,,,,,,,,,
,,,,,,,,,,,,,,,,,,,,,,,,,
,,,,,,,,,,,,,,,,,,,,,,,,,
,,,,,,,,,,,,,,,,,,,,,,,,,
,,,,,,,,,,,,,,,,,,,,,,,,,
,,,,,,,,,,,,,,,,,,,,,,,,,
,,,,,,,,,,,,,,,,,,,,,,,,,
,,,,,,,,,,,,,,,,,,,,,,,,,
,,,,,,,,,,,,,,,,,,,,,,,,,
,,,,,,,,,,,,,,,,,,,,,,,,,
,,,,,,,,,,,,,,,,,,,,,,,,,
,,,,,,,,,,,,,,,,,,,,,,,,,
,,,,,,,,,,,,,,,,,,,,,,,,,
,,,,,,,,,,,,,,,,,,,,,,,,,
,,,,,,,,,,,,,,,,,,,,,,,,,
,,,,,,,,,,,,,,,,,,,,,,,,,
,,,,,,,,,,,,,,,,,,,,,,,,,
,,,,,,,,,,,,,,,,,,,,,,,,,
,,,,,,,,,,,,,,,,,,,,,,,,,
,,,,,,,,,,,,,,,,,,,,,,,,,
,,,,,,,,,,,,,,,,,,,,,,,,,
,,,,,,,,,,,,,,,,,,,,,,,,,
,,,,,,,,,,,,,,,,,,,,,,,,,
,,,,,,,,,,,,,,,,,,,,,,,,,
,,,,,,,,,,,,,,,,,,,,,,,,,
,,,,,,,,,,,,,,,,,,,,,,,,,
,,,,,,,,,,,,,,,,,,,,,,,,,
,,,,,,,,,,,,,,,,,,,,,,,,,
,,,,,,,,,,,,,,,,,,,,,,,,,
,,,,,,,,,,,,,,,,,,,,,,,,,
,,,,,,,,,,,,,,,,,,,,,,,,,
,,,,,,,,,,,,,,,,,,,,,,,,,
,,,,,,,,,,,,,,,,,,,,,,,,,
,,,,,,,,,,,,,,,,,,,,,,,,,
,,,,,,,,,,,,,,,,,,,,,,,,,
,,,,,,,,,,,,,,,,,,,,,,,,,
,,,,,,,,,,,,,,,,,,,,,,,,,
,,,,,,,,,,,,,,,,,,,,,,,,,
,,,,,,,,,,,,,,,,,,,,,,,,,
,,,,,,,,,,,,,,,,,,,,,,,,,
,,,,,,,,,,,,,,,,,,,,,,,,,
,,,,,,,,,,,,,,,,,,,,,,,,,
,,,,,,,,,,,,,,,,,,,,,,,,,
,,,,,,,,,,,,,,,,,,,,,,,,,
,,,,,,,,,,,,,,,,,,,,,,,,,
,,,,,,,,,,,,,,,,,,,,,,,,,
,,,,,,,,,,,,,,,,,,,,,,,,,
,,,,,,,,,,,,,,,,,,,,,,,,,
,,,,,,,,,,,,,,,,,,,,,,,,,
,,,,,,,,,,,,,,,,,,,,,,,,,
,,,,,,,,,,,,,,,,,,,,,,,,,
,,,,,,,,,,,,,,,,,,,,,,,,,
,,,,,,,,,,,,,,,,,,,,,,,,,
,,,,,,,,,,,,,,,,,,,,,,,,,
,,,,,,,,,,,,,,,,,,,,,,,,,
,,,,,,,,,,,,,,,,,,,,,,,,,
,,,,,,,,,,,,,,,,,,,,,,,,,
,,,,,,,,,,,,,,,,,,,,,,,,,
,,,,,,,,,,,,,,,,,,,,,,,,,
,,,,,,,,,,,,,,,,,,,,,,,,,
,,,,,,,,,,,,,,,,,,,,,,,,,
,,,,,,,,,,,,,,,,,,,,,,,,,
,,,,,,,,,,,,,,,,,,,,,,,,,
,,,,,,,,,,,,,,,,,,,,,,,,,
,,,,,,,,,,,,,,,,,,,,,,,,,
,,,,,,,,,,,,,,,,,,,,,,,,,
,,,,,,,,,,,,,,,,,,,,,,,,,
,,,,,,,,,,,,,,,,,,,,,,,,,
,,,,,,,,,,,,,,,,,,,,,,,,,
,,,,,,,,,,,,,,,,,,,,,,,,,
,,,,,,,,,,,,,,,,,,,,,,,,,
,,,,,,,,,,,,,,,,,,,,,,,,,
,,,,,,,,,,,,,,,,,,,,,,,,,
,,,,,,,,,,,,,,,,,,,,,,,,,
,,,,,,,,,,,,,,,,,,,,,,,,,
,,,,,,,,,,,,,,,,,,,,,,,,,
,,,,,,,,,,,,,,,,,,,,,,,,,
,,,,,,,,,,,,,,,,,,,,,,,,,
,,,,,,,,,,,,,,,,,,,,,,,,,
,,,,,,,,,,,,,,,,,,,,,,,,,
,,,,,,,,,,,,,,,,,,,,,,,,,
,,,,,,,,,,,,,,,,,,,,,,,,,
,,,,,,,,,,,,,,,,,,,,,,,,,
,,,,,,,,,,,,,,,,,,,,,,,,,
,,,,,,,,,,,,,,,,,,,,,,,,,
,,,,,,,,,,,,,,,,,,,,,,,,,
,,,,,,,,,,,,,,,,,,,,,,,,,
,,,,,,,,,,,,,,,,,,,,,,,,,
,,,,,,,,,,,,,,,,,,,,,,,,,
,,,,,,,,,,,,,,,,,,,,,,,,,
,,,,,,,,,,,,,,,,,,,,,,,,,
,,,,,,,,,,,,,,,,,,,,,,,,,
,,,,,,,,,,,,,,,,,,,,,,,,,
,,,,,,,,,,,,,,,,,,,,,,,,,
,,,,,,,,,,,,,,,,,,,,,,,,,
,,,,,,,,,,,,,,,,,,,,,,,,,
,,,,,,,,,,,,,,,,,,,,,,,,,
,,,,,,,,,,,,,,,,,,,,,,,,,
,,,,,,,,,,,,,,,,,,,,,,,,,
,,,,,,,,,,,,,,,,,,,,,,,,,
,,,,,,,,,,,,,,,,,,,,,,,,,
,,,,,,,,,,,,,,,,,,,,,,,,,
,,,,,,,,,,,,,,,,,,,,,,,,,
,,,,,,,,,,,,,,,,,,,,,,,,,
,,,,,,,,,,,,,,,,,,,,,,,,,
,,,,,,,,,,,,,,,,,,,,,,,,,
,,,,,,,,,,,,,,,,,,,,,,,,,
,,,,,,,,,,,,,,,,,,,,,,,,,
,,,,,,,,,,,,,,,,,,,,,,,,,
,,,,,,,,,,,,,,,,,,,,,,,,,
,,,,,,,,,,,,,,,,,,,,,,,,,
,,,,,,,,,,,,,,,,,,,,,,,,,
,,,,,,,,,,,,,,,,,,,,,,,,,
,,,,,,,,,,,,,,,,,,,,,,,,,
,,,,,,,,,,,,,,,,,,,,,,,,,
,,,,,,,,,,,,,,,,,,,,,,,,,
,,,,,,,,,,,,,,,,,,,,,,,,,
,,,,,,,,,,,,,,,,,,,,,,,,,
,,,,,,,,,,,,,,,,,,,,,,,,,
,,,,,,,,,,,,,,,,,,,,,,,,,
,,,,,,,,,,,,,,,,,,,,,,,,,
,,,,,,,,,,,,,,,,,,,,,,,,,
,,,,,,,,,,,,,,,,,,,,,,,,,
,,,,,,,,,,,,,,,,,,,,,,,,,
,,,,,,,,,,,,,,,,,,,,,,,,,
,,,,,,,,,,,,,,,,,,,,,,,,,
,,,,,,,,,,,,,,,,,,,,,,,,,
,,,,,,,,,,,,,,,,,,,,,,,,,
,,,,,,,,,,,,,,,,,,,,,,,,,
,,,,,,,,,,,,,,,,,,,,,,,,,
,,,,,,,,,,,,,,,,,,,,,,,,,
,,,,,,,,,,,,,,,,,,,,,,,,,
,,,,,,,,,,,,,,,,,,,,,,,,,
,,,,,,,,,,,,,,,,,,,,,,,,,
,,,,,,,,,,,,,,,,,,,,,,,,,
,,,,,,,,,,,,,,,,,,,,,,,,,
,,,,,,,,,,,,,,,,,,,,,,,,,
,,,,,,,,,,,,,,,,,,,,,,,,,
,,,,,,,,,,,,,,,,,,,,,,,,,
,,,,,,,,,,,,,,,,,,,,,,,,,
,,,,,,,,,,,,,,,,,,,,,,,,,
,,,,,,,,,,,,,,,,,,,,,,,,,
,,,,,,,,,,,,,,,,,,,,,,,,,
,,,,,,,,,,,,,,,,,,,,,,,,,
,,,,,,,,,,,,,,,,,,,,,,,,,
,,,,,,,,,,,,,,,,,,,,,,,,,
,,,,,,,,,,,,,,,,,,,,,,,,,
,,,,,,,,,,,,,,,,,,,,,,,,,
,,,,,,,,,,,,,,,,,,,,,,,,,
,,,,,,,,,,,,,,,,,,,,,,,,,
,,,,,,,,,,,,,,,,,,,,,,,,,
,,,,,,,,,,,,,,,,,,,,,,,,,
,,,,,,,,,,,,,,,,,,,,,,,,,
,,,,,,,,,,,,,,,,,,,,,,,,,
,,,,,,,,,,,,,,,,,,,,,,,,,
,,,,,,,,,,,,,,,,,,,,,,,,,
,,,,,,,,,,,,,,,,,,,,,,,,,
,,,,,,,,,,,,,,,,,,,,,,,,,
,,,,,,,,,,,,,,,,,,,,,,,,,
,,,,,,,,,,,,,,,,,,,,,,,,,
,,,,,,,,,,,,,,,,,,,,,,,,,
,,,,,,,,,,,,,,,,,,,,,,,,,
,,,,,,,,,,,,,,,,,,,,,,,,,
,,,,,,,,,,,,,,,,,,,,,,,,,
,,,,,,,,,,,,,,,,,,,,,,,,,
,,,,,,,,,,,,,,,,,,,,,,,,,
,,,,,,,,,,,,,,,,,,,,,,,,,
,,,,,,,,,,,,,,,,,,,,,,,,,
,,,,,,,,,,,,,,,,,,,,,,,,,
,,,,,,,,,,,,,,,,,,,,,,,,,
,,,,,,,,,,,,,,,,,,,,,,,,,
,,,,,,,,,,,,,,,,,,,,,,,,,
,,,,,,,,,,,,,,,,,,,,,,,,,
,,,,,,,,,,,,,,,,,,,,,,,,,
,,,,,,,,,,,,,,,,,,,,,,,,,
,,,,,,,,,,,,,,,,,,,,,,,,,
,,,,,,,,,,,,,,,,,,,,,,,,,
,,,,,,,,,,,,,,,,,,,,,,,,,
,,,,,,,,,,,,,,,,,,,,,,,,,
,,,,,,,,,,,,,,,,,,,,,,,,,
,,,,,,,,,,,,,,,,,,,,,,,,,
,,,,,,,,,,,,,,,,,,,,,,,,,
,,,,,,,,,,,,,,,,,,,,,,,,,
,,,,,,,,,,,,,,,,,,,,,,,,,
,,,,,,,,,,,,,,,,,,,,,,,,,
,,,,,,,,,,,,,,,,,,,,,,,,,
,,,,,,,,,,,,,,,,,,,,,,,,,
,,,,,,,,,,,,,,,,,,,,,,,,,
,,,,,,,,,,,,,,,,,,,,,,,,,
,,,,,,,,,,,,,,,,,,,,,,,,,
,,,,,,,,,,,,,,,,,,,,,,,,,
,,,,,,,,,,,,,,,,,,,,,,,,,
,,,,,,,,,,,,,,,,,,,,,,,,,
,,,,,,,,,,,,,,,,,,,,,,,,,
,,,,,,,,,,,,,,,,,,,,,,,,,
,,,,,,,,,,,,,,,,,,,,,,,,,
,,,,,,,,,,,,,,,,,,,,,,,,,
,,,,,,,,,,,,,,,,,,,,,,,,,
,,,,,,,,,,,,,,,,,,,,,,,,,
,,,,,,,,,,,,,,,,,,,,,,,,,
,,,,,,,,,,,,,,,,,,,,,,,,,
,,,,,,,,,,,,,,,,,,,,,,,,,
,,,,,,,,,,,,,,,,,,,,,,,,,
,,,,,,,,,,,,,,,,,,,,,,,,,
,,,,,,,,,,,,,,,,,,,,,,,,,
,,,,,,,,,,,,,,,,,,,,,,,,,
,,,,,,,,,,,,,,,,,,,,,,,,,
,,,,,,,,,,,,,,,,,,,,,,,,,
,,,,,,,,,,,,,,,,,,,,,,,,,
,,,,,,,,,,,,,,,,,,,,,,,,,
,,,,,,,,,,,,,,,,,,,,,,,,,
,,,,,,,,,,,,,,,,,,,,,,,,,
,,,,,,,,,,,,,,,,,,,,,,,,,
,,,,,,,,,,,,,,,,,,,,,,,,,
,,,,,,,,,,,,,,,,,,,,,,,,,
,,,,,,,,,,,,,,,,,,,,,,,,,
,,,,,,,,,,,,,,,,,,,,,,,,,
,,,,,,,,,,,,,,,,,,,,,,,,,
,,,,,,,,,,,,,,,,,,,,,,,,,
,,,,,,,,,,,,,,,,,,,,,,,,,
,,,,,,,,,,,,,,,,,,,,,,,,,
,,,,,,,,,,,,,,,,,,,,,,,,,
,,,,,,,,,,,,,,,,,,,,,,,,,
,,,,,,,,,,,,,,,,,,,,,,,,,
,,,,,,,,,,,,,,,,,,,,,,,,,
,,,,,,,,,,,,,,,,,,,,,,,,,
,,,,,,,,,,,,,,,,,,,,,,,,,
,,,,,,,,,,,,,,,,,,,,,,,,,
,,,,,,,,,,,,,,,,,,,,,,,,,
,,,,,,,,,,,,,,,,,,,,,,,,,
,,,,,,,,,,,,,,,,,,,,,,,,,
,,,,,,,,,,,,,,,,,,,,,,,,,
,,,,,,,,,,,,,,,,,,,,,,,,,
,,,,,,,,,,,,,,,,,,,,,,,,,
,,,,,,,,,,,,,,,,,,,,,,,,,
,,,,,,,,,,,,,,,,,,,,,,,,,
,,,,,,,,,,,,,,,,,,,,,,,,,
,,,,,,,,,,,,,,,,,,,,,,,,,
,,,,,,,,,,,,,,,,,,,,,,,,,
,,,,,,,,,,,,,,,,,,,,,,,,,
,,,,,,,,,,,,,,,,,,,,,,,,,
,,,,,,,,,,,,,,,,,,,,,,,,,
,,,,,,,,,,,,,,,,,,,,,,,,,
,,,,,,,,,,,,,,,,,,,,,,,,,
,,,,,,,,,,,,,,,,,,,,,,,,,
,,,,,,,,,,,,,,,,,,,,,,,,,
,,,,,,,,,,,,,,,,,,,,,,,,,
,,,,,,,,,,,,,,,,,,,,,,,,,
,,,,,,,,,,,,,,,,,,,,,,,,,
,,,,,,,,,,,,,,,,,,,,,,,,,
,,,,,,,,,,,,,,,,,,,,,,,,,
,,,,,,,,,,,,,,,,,,,,,,,,,
,,,,,,,,,,,,,,,,,,,,,,,,,
,,,,,,,,,,,,,,,,,,,,,,,,,
,,,,,,,,,,,,,,,,,,,,,,,,,
,,,,,,,,,,,,,,,,,,,,,,,,,
,,,,,,,,,,,,,,,,,,,,,,,,,
,,,,,,,,,,,,,,,,,,,,,,,,,
,,,,,,,,,,,,,,,,,,,,,,,,,
,,,,,,,,,,,,,,,,,,,,,,,,,
,,,,,,,,,,,,,,,,,,,,,,,,,
,,,,,,,,,,,,,,,,,,,,,,,,,
,,,,,,,,,,,,,,,,,,,,,,,,,
,,,,,,,,,,,,,,,,,,,,,,,,,
,,,,,,,,,,,,,,,,,,,,,,,,,
,,,,,,,,,,,,,,,,,,,,,,,,,
,,,,,,,,,,,,,,,,,,,,,,,,,
,,,,,,,,,,,,,,,,,,,,,,,,,
,,,,,,,,,,,,,,,,,,,,,,,,,
,,,,,,,,,,,,,,,,,,,,,,,,,
,,,,,,,,,,,,,,,,,,,,,,,,,
,,,,,,,,,,,,,,,,,,,,,,,,,
,,,,,,,,,,,,,,,,,,,,,,,,,
,,,,,,,,,,,,,,,,,,,,,,,,,
,,,,,,,,,,,,,,,,,,,,,,,,,
,,,,,,,,,,,,,,,,,,,,,,,,,
,,,,,,,,,,,,,,,,,,,,,,,,,
,,,,,,,,,,,,,,,,,,,,,,,,,
,,,,,,,,,,,,,,,,,,,,,,,,,
,,,,,,,,,,,,,,,,,,,,,,,,,
,,,,,,,,,,,,,,,,,,,,,,,,,
,,,,,,,,,,,,,,,,,,,,,,,,,
,,,,,,,,,,,,,,,,,,,,,,,,,
,,,,,,,,,,,,,,,,,,,,,,,,,
,,,,,,,,,,,,,,,,,,,,,,,,,
,,,,,,,,,,,,,,,,,,,,,,,,,
,,,,,,,,,,,,,,,,,,,,,,,,,
,,,,,,,,,,,,,,,,,,,,,,,,,
,,,,,,,,,,,,,,,,,,,,,,,,,
,,,,,,,,,,,,,,,,,,,,,,,,,
,,,,,,,,,,,,,,,,,,,,,,,,,
,,,,,,,,,,,,,,,,,,,,,,,,,
,,,,,,,,,,,,,,,,,,,,,,,,,
,,,,,,,,,,,,,,,,,,,,,,,,,
,,,,,,,,,,,,,,,,,,,,,,,,,
,,,,,,,,,,,,,,,,,,,,,,,,,
,,,,,,,,,,,,,,,,,,,,,,,,,
,,,,,,,,,,,,,,,,,,,,,,,,,
,,,,,,,,,,,,,,,,,,,,,,,,,
,,,,,,,,,,,,,,,,,,,,,,,,,
,,,,,,,,,,,,,,,,,,,,,,,,,
,,,,,,,,,,,,,,,,,,,,,,,,,
,,,,,,,,,,,,,,,,,,,,,,,,,
,,,,,,,,,,,,,,,,,,,,,,,,,
,,,,,,,,,,,,,,,,,,,,,,,,,
,,,,,,,,,,,,,,,,,,,,,,,,,
,,,,,,,,,,,,,,,,,,,,,,,,,
,,,,,,,,,,,,,,,,,,,,,,,,,
,,,,,,,,,,,,,,,,,,,,,,,,,
,,,,,,,,,,,,,,,,,,,,,,,,,
,,,,,,,,,,,,,,,,,,,,,,,,,
,,,,,,,,,,,,,,,,,,,,,,,,,
,,,,,,,,,,,,,,,,,,,,,,,,,
,,,,,,,,,,,,,,,,,,,,,,,,,
,,,,,,,,,,,,,,,,,,,,,,,,,
,,,,,,,,,,,,,,,,,,,,,,,,,
,,,,,,,,,,,,,,,,,,,,,,,,,
,,,,,,,,,,,,,,,,,,,,,,,,,
,,,,,,,,,,,,,,,,,,,,,,,,,
,,,,,,,,,,,,,,,,,,,,,,,,,
,,,,,,,,,,,,,,,,,,,,,,,,,
,,,,,,,,,,,,,,,,,,,,,,,,,
,,,,,,,,,,,,,,,,,,,,,,,,,
,,,,,,,,,,,,,,,,,,,,,,,,,
,,,,,,,,,,,,,,,,,,,,,,,,,
,,,,,,,,,,,,,,,,,,,,,,,,,
,,,,,,,,,,,,,,,,,,,,,,,,,
,,,,,,,,,,,,,,,,,,,,,,,,,
,,,,,,,,,,,,,,,,,,,,,,,,,
,,,,,,,,,,,,,,,,,,,,,,,,,
,,,,,,,,,,,,,,,,,,,,,,,,,
,,,,,,,,,,,,,,,,,,,,,,,,,
,,,,,,,,,,,,,,,,,,,,,,,,,
,,,,,,,,,,,,,,,,,,,,,,,,,
,,,,,,,,,,,,,,,,,,,,,,,,,
,,,,,,,,,,,,,,,,,,,,,,,,,
,,,,,,,,,,,,,,,,,,,,,,,,,
,,,,,,,,,,,,,,,,,,,,,,,,,
,,,,,,,,,,,,,,,,,,,,,,,,,
,,,,,,,,,,,,,,,,,,,,,,,,,
,,,,,,,,,,,,,,,,,,,,,,,,,
,,,,,,,,,,,,,,,,,,,,,,,,,
,,,,,,,,,,,,,,,,,,,,,,,,,
,,,,,,,,,,,,,,,,,,,,,,,,,
,,,,,,,,,,,,,,,,,,,,,,,,,
,,,,,,,,,,,,,,,,,,,,,,,,,
,,,,,,,,,,,,,,,,,,,,,,,,,
,,,,,,,,,,,,,,,,,,,,,,,,,
,,,,,,,,,,,,,,,,,,,,,,,,,
,,,,,,,,,,,,,,,,,,,,,,,,,
,,,,,,,,,,,,,,,,,,,,,,,,,
,,,,,,,,,,,,,,,,,,,,,,,,,
,,,,,,,,,,,,,,,,,,,,,,,,,
,,,,,,,,,,,,,,,,,,,,,,,,,
,,,,,,,,,,,,,,,,,,,,,,,,,
,,,,,,,,,,,,,,,,,,,,,,,,,
,,,,,,,,,,,,,,,,,,,,,,,,,
,,,,,,,,,,,,,,,,,,,,,,,,,
,,,,,,,,,,,,,,,,,,,,,,,,,
,,,,,,,,,,,,,,,,,,,,,,,,,
,,,,,,,,,,,,,,,,,,,,,,,,,
,,,,,,,,,,,,,,,,,,,,,,,,,
,,,,,,,,,,,,,,,,,,,,,,,,,
,,,,,,,,,,,,,,,,,,,,,,,,,
,,,,,,,,,,,,,,,,,,,,,,,,,
,,,,,,,,,,,,,,,,,,,,,,,,,
,,,,,,,,,,,,,,,,,,,,,,,,,
,,,,,,,,,,,,,,,,,,,,,,,,,
,,,,,,,,,,,,,,,,,,,,,,,,,
,,,,,,,,,,,,,,,,,,,,,,,,,
,,,,,,,,,,,,,,,,,,,,,,,,,
,,,,,,,,,,,,,,,,,,,,,,,,,
,,,,,,,,,,,,,,,,,,,,,,,,,
,,,,,,,,,,,,,,,,,,,,,,,,,
,,,,,,,,,,,,,,,,,,,,,,,,,
,,,,,,,,,,,,,,,,,,,,,,,,,
,,,,,,,,,,,,,,,,,,,,,,,,,
,,,,,,,,,,,,,,,,,,,,,,,,,
,,,,,,,,,,,,,,,,,,,,,,,,,
,,,,,,,,,,,,,,,,,,,,,,,,,
,,,,,,,,,,,,,,,,,,,,,,,,,
,,,,,,,,,,,,,,,,,,,,,,,,,
,,,,,,,,,,,,,,,,,,,,,,,,,
,,,,,,,,,,,,,,,,,,,,,,,,,
,,,,,,,,,,,,,,,,,,,,,,,,,
,,,,,,,,,,,,,,,,,,,,,,,,,
,,,,,,,,,,,,,,,,,,,,,,,,,
,,,,,,,,,,,,,,,,,,,,,,,,,
,,,,,,,,,,,,,,,,,,,,,,,,,
,,,,,,,,,,,,,,,,,,,,,,,,,
,,,,,,,,,,,,,,,,,,,,,,,,,
,,,,,,,,,,,,,,,,,,,,,,,,,
,,,,,,,,,,,,,,,,,,,,,,,,,
,,,,,,,,,,,,,,,,,,,,,,,,,
,,,,,,,,,,,,,,,,,,,,,,,,,
,,,,,,,,,,,,,,,,,,,,,,,,,
,,,,,,,,,,,,,,,,,,,,,,,,,
,,,,,,,,,,,,,,,,,,,,,,,,,
,,,,,,,,,,,,,,,,,,,,,,,,,
,,,,,,,,,,,,,,,,,,,,,,,,,
,,,,,,,,,,,,,,,,,,,,,,,,,
,,,,,,,,,,,,,,,,,,,,,,,,,
,,,,,,,,,,,,,,,,,,,,,,,,,
,,,,,,,,,,,,,,,,,,,,,,,,,
,,,,,,,,,,,,,,,,,,,,,,,,,
,,,,,,,,,,,,,,,,,,,,,,,,,
,,,,,,,,,,,,,,,,,,,,,,,,,
,,,,,,,,,,,,,,,,,,,,,,,,,
,,,,,,,,,,,,,,,,,,,,,,,,,
,,,,,,,,,,,,,,,,,,,,,,,,,
,,,,,,,,,,,,,,,,,,,,,,,,,
,,,,,,,,,,,,,,,,,,,,,,,,,
,,,,,,,,,,,,,,,,,,,,,,,,,
,,,,,,,,,,,,,,,,,,,,,,,,,
,,,,,,,,,,,,,,,,,,,,,,,,,
,,,,,,,,,,,,,,,,,,,,,,,,,
,,,,,,,,,,,,,,,,,,,,,,,,,
,,,,,,,,,,,,,,,,,,,,,,,,,
,,,,,,,,,,,,,,,,,,,,,,,,,
,,,,,,,,,,,,,,,,,,,,,,,,,
,,,,,,,,,,,,,,,,,,,,,,,,,
,,,,,,,,,,,,,,,,,,,,,,,,,
,,,,,,,,,,,,,,,,,,,,,,,,,
,,,,,,,,,,,,,,,,,,,,,,,,,
,,,,,,,,,,,,,,,,,,,,,,,,,
,,,,,,,,,,,,,,,,,,,,,,,,,
,,,,,,,,,,,,,,,,,,,,,,,,,
,,,,,,,,,,,,,,,,,,,,,,,,,
,,,,,,,,,,,,,,,,,,,,,,,,,
,,,,,,,,,,,,,,,,,,,,,,,,,
,,,,,,,,,,,,,,,,,,,,,,,,,
,,,,,,,,,,,,,,,,,,,,,,,,,
,,,,,,,,,,,,,,,,,,,,,,,,,
,,,,,,,,,,,,,,,,,,,,,,,,,
,,,,,,,,,,,,,,,,,,,,,,,,,
,,,,,,,,,,,,,,,,,,,,,,,,,
,,,,,,,,,,,,,,,,,,,,,,,,,
,,,,,,,,,,,,,,,,,,,,,,,,,
,,,,,,,,,,,,,,,,,,,,,,,,,
,,,,,,,,,,,,,,,,,,,,,,,,,
,,,,,,,,,,,,,,,,,,,,,,,,,
,,,,,,,,,,,,,,,,,,,,,,,,,
,,,,,,,,,,,,,,,,,,,,,,,,,
,,,,,,,,,,,,,,,,,,,,,,,,,
,,,,,,,,,,,,,,,,,,,,,,,,,
,,,,,,,,,,,,,,,,,,,,,,,,,
,,,,,,,,,,,,,,,,,,,,,,,,,
,,,,,,,,,,,,,,,,,,,,,,,,,
,,,,,,,,,,,,,,,,,,,,,,,,,
,,,,,,,,,,,,,,,,,,,,,,,,,
,,,,,,,,,,,,,,,,,,,,,,,,,
,,,,,,,,,,,,,,,,,,,,,,,,,
,,,,,,,,,,,,,,,,,,,,,,,,,
,,,,,,,,,,,,,,,,,,,,,,,,,
,,,,,,,,,,,,,,,,,,,,,,,,,
,,,,,,,,,,,,,,,,,,,,,,,,,
,,,,,,,,,,,,,,,,,,,,,,,,,
,,,,,,,,,,,,,,,,,,,,,,,,,
,,,,,,,,,,,,,,,,,,,,,,,,,
,,,,,,,,,,,,,,,,,,,,,,,,,
,,,,,,,,,,,,,,,,,,,,,,,,,
,,,,,,,,,,,,,,,,,,,,,,,,,
,,,,,,,,,,,,,,,,,,,,,,,,,
,,,,,,,,,,,,,,,,,,,,,,,,,
,,,,,,,,,,,,,,,,,,,,,,,,,
,,,,,,,,,,,,,,,,,,,,,,,,,
,,,,,,,,,,,,,,,,,,,,,,,,,
,,,,,,,,,,,,,,,,,,,,,,,,,
,,,,,,,,,,,,,,,,,,,,,,,,,
,,,,,,,,,,,,,,,,,,,,,,,,,
,,,,,,,,,,,,,,,,,,,,,,,,,
,,,,,,,,,,,,,,,,,,,,,,,,,
,,,,,,,,,,,,,,,,,,,,,,,,,
,,,,,,,,,,,,,,,,,,,,,,,,,
,,,,,,,,,,,,,,,,,,,,,,,,,
,,,,,,,,,,,,,,,,,,,,,,,,,
,,,,,,,,,,,,,,,,,,,,,,,,,
,,,,,,,,,,,,,,,,,,,,,,,,,
,,,,,,,,,,,,,,,,,,,,,,,,,
,,,,,,,,,,,,,,,,,,,,,,,,,
,,,,,,,,,,,,,,,,,,,,,,,,,
,,,,,,,,,,,,,,,,,,,,,,,,,
,,,,,,,,,,,,,,,,,,,,,,,,,
,,,,,,,,,,,,,,,,,,,,,,,,,
,,,,,,,,,,,,,,,,,,,,,,,,,
,,,,,,,,,,,,,,,,,,,,,,,,,
,,,,,,,,,,,,,,,,,,,,,,,,,
,,,,,,,,,,,,,,,,,,,,,,,,,
,,,,,,,,,,,,,,,,,,,,,,,,,
,,,,,,,,,,,,,,,,,,,,,,,,,
,,,,,,,,,,,,,,,,,,,,,,,,,
,,,,,,,,,,,,,,,,,,,,,,,,,
,,,,,,,,,,,,,,,,,,,,,,,,,
,,,,,,,,,,,,,,,,,,,,,,,,,
,,,,,,,,,,,,,,,,,,,,,,,,,
,,,,,,,,,,,,,,,,,,,,,,,,,
,,,,,,,,,,,,,,,,,,,,,,,,,
,,,,,,,,,,,,,,,,,,,,,,,,,
,,,,,,,,,,,,,,,,,,,,,,,,,
,,,,,,,,,,,,,,,,,,,,,,,,,
,,,,,,,,,,,,,,,,,,,,,,,,,
,,,,,,,,,,,,,,,,,,,,,,,,,
,,,,,,,,,,,,,,,,,,,,,,,,,
,,,,,,,,,,,,,,,,,,,,,,,,,
,,,,,,,,,,,,,,,,,,,,,,,,,
,,,,,,,,,,,,,,,,,,,,,,,,,
,,,,,,,,,,,,,,,,,,,,,,,,,
,,,,,,,,,,,,,,,,,,,,,,,,,
,,,,,,,,,,,,,,,,,,,,,,,,,
,,,,,,,,,,,,,,,,,,,,,,,,,
,,,,,,,,,,,,,,,,,,,,,,,,,
,,,,,,,,,,,,,,,,,,,,,,,,,
,,,,,,,,,,,,,,,,,,,,,,,,,
,,,,,,,,,,,,,,,,,,,,,,,,,
,,,,,,,,,,,,,,,,,,,,,,,,,
,,,,,,,,,,,,,,,,,,,,,,,,,
,,,,,,,,,,,,,,,,,,,,,,,,,
,,,,,,,,,,,,,,,,,,,,,,,,,
,,,,,,,,,,,,,,,,,,,,,,,,,
,,,,,,,,,,,,,,,,,,,,,,,,,
,,,,,,,,,,,,,,,,,,,,,,,,,
,,,,,,,,,,,,,,,,,,,,,,,,,
,,,,,,,,,,,,,,,,,,,,,,,,,
,,,,,,,,,,,,,,,,,,,,,,,,,
,,,,,,,,,,,,,,,,,,,,,,,,,
,,,,,,,,,,,,,,,,,,,,,,,,,
,,,,,,,,,,,,,,,,,,,,,,,,,
,,,,,,,,,,,,,,,,,,,,,,,,,
,,,,,,,,,,,,,,,,,,,,,,,,,
,,,,,,,,,,,,,,,,,,,,,,,,,
,,,,,,,,,,,,,,,,,,,,,,,,,
,,,,,,,,,,,,,,,,,,,,,,,,,
,,,,,,,,,,,,,,,,,,,,,,,,,
